MOF,Linker_ID,SMILES,SA_Score,Pred_Tox_IBC50,Pred_Tox_IGC50,Pred_Tox_LC50,Pred_Tox_LC50DM,Mean_Tox,CoPriNet_log_USD_per_mmol,ExactMolWt,CoPriNet_USD_per_mmol,CoPriNet_USD_per_g,CoPriNet_log_USD_per_g,CoPriNet_valid_price,Price_rank_by_row
UFUNAK_clean-(id:172345),0,c1cc(ccn1)C(=O)[O],2.615,4.442236866539724,3.687729889947085,3.5570882324971005,4.864812202042115,4.137966797756507,0.2844731211662292,122.024203368,1.3290615891943305,10.891786649785804,2.3880089868291634,True,1
HAWZEM_clean-(id:177210),0,c1cnccc1C(=O)[O],2.615,4.442236866539724,3.687729889947085,3.5570882324971005,4.864812202042115,4.137966797756507,0.2844803631305694,122.024203368,1.3290712142458174,10.89186552800194,2.388016228793504,True,2
UGEPEB_clean-(id:172349),0,c1cc(ccn1)C(=O)[O],2.615,4.442236866539724,3.687729889947085,3.5570882324971005,4.864812202042115,4.137966797756507,0.2844810783863067,122.024203368,1.3290721648719688,10.891873318474037,2.3880169440492414,True,3
UGEPEB_clean-(id:183011),0,c1cc(ccn1)C(=O)[O],2.615,4.442236866539724,3.687729889947085,3.5570882324971005,4.864812202042115,4.137966797756507,0.284481406211853,122.024203368,1.3290726005758486,10.89187688910894,2.388017271874787,True,4
REDYEG_clean-(id:171954),0,c1cc(ccn1)C(=O)[O],2.615,4.442236866539724,3.687729889947085,3.5570882324971005,4.864812202042115,4.137966797756507,0.2844820022583008,122.024203368,1.329073392765087,10.891883381175404,2.388017867921235,True,5
MEJQEZ_clean-(id:179632),1,c1c(C(=O)[O])ccnc1,2.615,4.442236866539724,3.687729889947085,3.5570882324971005,4.864812202042115,4.137966797756507,0.2844820916652679,122.024203368,1.3290735115935135,10.891884354985708,2.388017957328202,True,6
XEYMAR_clean-(id:184614),0,c1cc(ccn1)C(=O)[O],2.615,4.442236866539724,3.687729889947085,3.5570882324971005,4.864812202042115,4.137966797756507,0.2844827175140381,122.024203368,1.3290743433927965,10.89189117166027,2.388018583176972,True,7
HAWZEM_clean-(id:170368),0,c1cnccc1C(=O)[O],2.615,4.442236866539724,3.687729889947085,3.5570882324971005,4.864812202042115,4.137966797756507,0.2844827473163605,122.024203368,1.3290743830022993,10.891891496263929,2.388018612979295,True,8
UGEPEB01_clean-(id:172348),0,c1c(C(=O)[O])ccnc1,2.615,4.442236866539724,3.687729889947085,3.5570882324971005,4.864812202042115,4.137966797756507,0.2844828367233276,122.024203368,1.3290745018308143,10.891892470074955,2.3880187023862622,True,9
UFUNIS_clean-(id:183005),0,c1cc(ccn1)C(=O)[O],2.615,4.442236866539724,3.687729889947085,3.5570882324971005,4.864812202042115,4.137966797756507,0.28448286652565,122.024203368,1.3290745414403216,10.89189279467865,2.388018732188584,True,10
UGEPEB01_clean-(id:183012),0,c1c(C(=O)[O])ccnc1,2.615,4.442236866539724,3.687729889947085,3.5570882324971005,4.864812202042115,4.137966797756507,0.2844848036766052,122.024203368,1.3290771160608328,10.891913893939618,2.3880206693395394,True,11
UFUNAK_clean-(id:183004),0,c1cc(ccn1)C(=O)[O],2.615,4.442236866539724,3.687729889947085,3.5570882324971005,4.864812202042115,4.137966797756507,0.2844851315021515,122.024203368,1.3290775517663358,10.891917464587824,2.3880209971650856,True,12
VACFUB_clean_h-(id:183395),0,c1cc(C(=O)[O])ccn1,2.615,4.442236866539724,3.687729889947085,3.5570882324971005,4.864812202042115,4.137966797756507,0.2844853401184082,122.024203368,1.3290778290335483,10.891919736819114,2.388021205781343,True,13
MEJQEZ_clean-(id:171106),1,c1c(C(=O)[O])ccnc1,2.615,4.442236866539724,3.687729889947085,3.5570882324971005,4.864812202042115,4.137966797756507,0.2844860851764679,122.024203368,1.329078819274066,10.89192785193472,2.388021950839402,True,14
HIVQAG_clean-(id:177334),0,c1c(ccnc1)C(=O)[O],2.615,4.442236866539724,3.687729889947085,3.5570882324971005,4.864812202042115,4.137966797756507,0.2844871878623962,122.024203368,1.3290802848313856,10.89193986231692,2.388023053525331,True,15
UFUMUD_clean-(id:173533),0,c1cc(ccn1)C(=O)[O],2.615,4.442236866539724,3.687729889947085,3.5570882324971005,4.864812202042115,4.137966797756507,0.2844903171062469,122.024203368,1.329084443854201,10.891973945906082,2.388026182769181,True,16
BAHGUN_clean-(id:174375),0,c1cc(ccn1)C(=O)[O],2.615,4.442236866539724,3.687729889947085,3.5570882324971005,4.864812202042115,4.137966797756507,0.284491628408432,122.024203368,1.3290861866866794,10.891988228584683,2.3880274940713666,True,17
MAPFIS_clean-(id:179544),0,c1c(ccc(c1)[O])[O],4.419,4.493011625161298,4.270122745560977,3.9181521919292113,4.128303680177408,4.202397560707223,0.4629455804824829,108.021129368,1.5887468812247802,14.70774181421795,2.688374009179562,True,18
MAPFIS_clean-(id:171074),0,c1c(ccc(c1)[O])[O],4.419,4.493011625161298,4.270122745560977,3.9181521919292113,4.128303680177408,4.202397560707223,0.4629499614238739,108.021129368,1.5887538414469982,14.707806248113972,2.688378390120953,True,19
VABJIS_clean-(id:183385),0,C(C#N)CC#N,3.146,3.756433261272681,3.594059706171856,3.7827149012062,4.262506309751161,3.848928544600474,0.2243551611900329,80.037448128,1.2515154302144984,15.636623349272838,2.7496158134236643,True,20
VABMAN_clean-(id:183392),0,[CH2]C#N.C1CCC1.[CH2]C#N,2.97,3.8158547894679344,3.252374317754959,2.768135551915461,3.3726505990171853,3.3022538145388847,0.774513304233551,136.100048384,2.1695359662198377,15.940743533746527,2.7688783180550245,True,21
FUDQIF_clean-(id:176587),0,c1cnccn1,1.974,3.799358385740772,3.3313454751788685,2.7906194891334337,3.5247462100990195,3.361517390038024,0.2445935010910034,80.037448128,1.2771020670786,15.956306665802147,2.769854153324635,True,22
NOMKUX_clean-(id:180285),0,c1cnccn1,1.974,3.799358385740772,3.3313454751788685,2.7906194891334337,3.5247462100990195,3.361517390038024,0.2445936203002929,80.037448128,1.277102219321039,15.95630856794224,2.7698542725339244,True,23
MAGVOG09_clean-(id:179479),0,NCCN,2.3,4.382496602930226,3.7978996991117593,2.9676941495186853,4.079988964278952,3.807019853959906,0.2140348553657531,60.06874825599999,1.238665828191523,20.620803065723923,3.0263004237918327,True,24
MAGVOG07_clean-(id:179477),0,NCCN,2.3,4.382496602930226,3.7978996991117593,2.9676941495186853,4.079988964278952,3.807019853959906,0.2140348851680755,60.06874825599999,1.238665865106642,20.620803680271752,3.026300453594155,True,25
MAGVOG30_clean-(id:179500),0,C(CN)N,2.3,4.382496602930226,3.7978996991117593,2.9676941495186853,4.079988964278952,3.807019853959906,0.2140349149703979,60.06874825599999,1.238665902021762,20.620804294819603,3.026300483396477,True,26
MAGVOG08_clean-(id:179478),0,NCCN,2.3,4.382496602930226,3.7978996991117593,2.9676941495186853,4.079988964278952,3.807019853959906,0.2140349149703979,60.06874825599999,1.238665902021762,20.620804294819603,3.026300483396477,True,27
MAGVOG18_clean-(id:179488),0,C(CN)N,2.3,4.382496602930226,3.7978996991117593,2.9676941495186853,4.079988964278952,3.807019853959906,0.2140349149703979,60.06874825599999,1.238665902021762,20.620804294819603,3.026300483396477,True,28
MAGVOG_clean-(id:179470),0,NCCN,2.3,4.382496602930226,3.7978996991117593,2.9676941495186853,4.079988964278952,3.807019853959906,0.2140349149703979,60.06874825599999,1.238665902021762,20.620804294819603,3.026300483396477,True,29
MAGVOG03_clean-(id:179473),0,C(CN)N,2.3,4.382496602930226,3.7978996991117593,2.9676941495186853,4.079988964278952,3.807019853959906,0.2140349149703979,60.06874825599999,1.238665902021762,20.620804294819603,3.026300483396477,True,30
MAGVOG19_clean-(id:179489),0,C(CN)N,2.3,4.382496602930226,3.7978996991117593,2.9676941495186853,4.079988964278952,3.807019853959906,0.2140349149703979,60.06874825599999,1.238665902021762,20.620804294819603,3.026300483396477,True,31
MAGVOG05_clean-(id:179475),0,C(CN)N,2.3,4.382496602930226,3.7978996991117593,2.9676941495186853,4.079988964278952,3.807019853959906,0.2140349298715591,60.06874825599999,1.2386659204793224,20.62080460209353,3.0263004982976387,True,32
MAGVOG06_clean-(id:179476),0,C(CN)N,2.3,4.382496602930226,3.7978996991117593,2.9676941495186853,4.079988964278952,3.807019853959906,0.2140349298715591,60.06874825599999,1.2386659204793224,20.62080460209353,3.0263004982976387,True,33
MAGVOG04_clean-(id:179474),0,C(CN)N,2.3,4.382496602930226,3.7978996991117593,2.9676941495186853,4.079988964278952,3.807019853959906,0.2140349298715591,60.06874825599999,1.2386659204793224,20.62080460209353,3.0263004982976387,True,34
YEYMEU_clean-(id:185391),0,c1cc(ccn1)C#N,1.987,4.291251154535288,3.6116726066762848,3.763433718357499,4.642729703282517,4.077271795712897,1.1206687688827517,104.037448128,3.066904567947956,29.478852308782727,3.3836731353822507,True,35
REXCEE_clean-(id:181850),1,c1cc(ccn1)C1=N[C]N=C(c2ccncc2)[N]1.[C]C=[CH].[CH][CH]C=[N].[CH].[CH].[CH],4.789,4.909766132999809,3.447283164832691,3.8941368266491168,5.485104388747366,4.434072628307246,2.449658155441284,364.143644512,11.584385982969549,31.81268204884953,3.459865016851524,True,36
RUPZIM_clean-(id:172038),0,c1c(C(=O)[O])ccc(c1)[N],3.618,4.534867555129846,3.923660792181465,3.40916026363476,4.470244825058859,4.084483359001233,1.609994649887085,134.024203368,5.002784462300226,37.327470237325095,3.619729523079273,True,37
SODNAA_clean-(id:182387),0,C1C(=O)CSCCSCC(=O)CSCCS1,4.118,4.431492115982701,3.9512877989376056,3.845343654625293,5.037611638683847,4.316433802057361,2.422790765762329,296.003313752,11.2772877082699,38.09851844333856,3.640175395374962,True,38
UMOYOM15_clean-(id:183211),0,c1c(C(=O)[O])ccc(c1)c1cc(cc(c2ccc(C(=O)[O])cc2)c1O[C][C][C])c1cc(c2ccc(C(=O)[O])cc2)c(c(c2ccc(C(=O)[O])cc2)c1)O[C][C][C].[C]#[C].[C]#[C],4.295,5.068344877319984,4.8754772209463,6.444479579738141,6.841568159675891,5.807467459420079,3.45564341545105,780.10564684,31.678664668776147,40.60817249189,3.7039693392546833,True,39
KEHDOS_clean-(id:178633),0,c1nncn1[C@@]12C[C@]3(C[C@@H](C1)C[C@@H](C2)C3)n1cnnc1,4.89,4.264714758178312,3.4942552507518587,3.832604889255558,5.851813708091544,4.360847151569319,2.398408889770508,270.159294576,11.005651237855114,40.73763686393938,3.7071524038128847,True,40
MIMVEJ_clean-(id:171158),0,c1ccc(cn1)C(=O)[O],2.518,4.442236866539724,3.687729889947085,3.5570882324971005,4.864812202042115,4.137966797756507,1.6231293678283691,122.024203368,5.068928062976571,41.54034956237102,3.726665233491304,True,41
OFODET_clean-(id:171474),0,OC(=O)c1cc(cc(c1)C(=O)[O])[N][N]c1cc(cc(C(=O)[O])c1)C(=O)O.OC(=O)c1cc(C(=O)[O])cc(c1)N=[N].[C]1=CC(=CC(=C1)C(=O)O)C(=O)[O],4.399,4.722514163223789,3.568016330756593,3.797008878716068,5.718595785734863,4.451533789607828,3.395673990249634,712.0561304319999,29.83475503404286,41.89944269694343,3.735272526050696,True,42
MUBQIJ_clean-(id:179843),0,c1cccc2nc3c4nc5c(nc4c4nc6c(nc4c3nc12)cccc6)cccc5,1.85,4.624030849011653,4.942886224545541,5.873737584047664,6.557094534281016,5.499437297971468,2.78237247467041,384.112344384,16.157308316886155,42.0640173457523,3.739192680353176,True,43
MAQBIS_clean-(id:179549),0,c1c(c(c2c(cc(C(=O)[O])cc2OC)OC)c(cc1C(=O)[O])OC)OC,2.72,4.709536433857196,3.9769519532890656,4.31671675632269,5.908697929614386,4.727975768270834,2.7346694469451904,360.0845174719999,15.404650539945278,42.78065229822924,3.7560859512759577,True,44
NIKCOB_clean-(id:180165),0,C1=[C]C=CC(=C1)NC(=O)C(=O)[O].S(SO[O])O[O].[C]1=CC=C(C=C1)NC(=O)C(=O)[O],4.988,4.124748387499979,3.36019616277676,3.4876612645366487,3.753291947817944,3.681474440657833,3.0327885150909424,453.9776865199999,20.755027678594647,45.718166982377205,3.822495745873927,True,45
BUWGEG_clean-(id:173009),0,c1cnc(c(C(=O)[O])n1)[C]=O.c1cc(ccn1)C1=NN=C(c2ccncc2)[N][N]1.[O]C(=O)/C(=[C]\C(=O)[O])/[N].[N][CH][CH].[O],4.765,5.215395707591787,3.5328287881050087,3.412534377228053,5.338240412866281,4.374749821447782,3.2712199687957764,568.083957344,26.34345794410158,46.3724729479545,3.83670602775456,True,46
XUKYEI_neutral-(id:172959),0,c1cc(ccn1)CCCc1ccncc1,1.811,5.284913257549802,4.143444164144986,4.433936194681434,5.705449542012444,4.891935789597167,2.2373807430267334,198.115698448,9.368759932360176,47.28933651272074,3.8562848263759424,True,47
XUKYEI_neutral-(id:184829),0,c1cc(ccn1)CCCc1ccncc1,1.811,5.284913257549802,4.143444164144986,4.433936194681434,5.705449542012444,4.891935789597167,2.237398147583008,198.115698448,9.368922992888637,47.2901595698017,3.856302230932217,True,48
SUFJOU_clean-(id:182472),0,Nc1cc(C(=O)[O])c(cc1C(=O)[O])N,3.387,4.088523615960304,3.929690520470703,3.811781424192686,3.619400901394148,3.86234911550446,2.2298460006713867,194.032756672,9.29843401662234,47.92198068051339,3.869574286018812,True,49
LACQIS_clean-(id:178950),0,C(C(=O)[O])c1nnc(c2ccncc2)[nH]1,3.146,4.167136421283734,3.1896919717990064,3.030187559112965,4.644474330626672,3.757872570705594,2.2811999320983887,203.056900464,9.788418803397333,48.205299997341,3.875468973462625,True,50
XEJTIR_clean-(id:172862),0,c1c(ccc(c1)C#N)[O],2.974,4.519791617979752,3.840413083657233,4.275801319800706,4.455124762875368,4.272782696078265,1.763916015625,118.029288748,5.8352436156730425,49.438945854631534,3.900738491211597,True,51
EDUVOO_clean-(id:175775),0,c1c2ccc3cc(cc4ccc(cc1C(=O)[O])c2c34)C(=O)[O],2.775,5.84078172788583,4.786999895374801,5.751287206970651,6.234979895395327,5.6535121814066525,2.660762548446656,288.04225873599995,14.3071948692835,49.67047172892956,3.905410626334671,True,52
EDUVOO_clean-(id:169797),0,c1c2ccc3cc(cc4ccc(cc1C(=O)[O])c2c34)C(=O)[O],2.775,5.84078172788583,4.786999895374801,5.751287206970651,6.234979895395327,5.6535121814066525,2.660775899887085,288.04225873599995,14.307385892218718,49.67113490570112,3.9054239777751,True,53
FORKUU_clean-(id:176556),0,c1c2C(=O)N(C(=O)c3ccc4C(=O)N(C(=O)c(c1)c4c23)c1ccncc1)c1ccncc1,2.309,5.218675817725471,4.39631998699946,5.127330146487484,6.832939157488749,5.393816277175291,3.052096128463745,420.08585486400005,21.159651317255257,50.36982576836717,3.919392300715785,True,54
KEDNOY_clean-(id:178617),0,CC(=O)[C](C(=O)C)C#N,3.451,3.8366964334151374,3.4779046151188995,3.49400396141578,3.967570819094119,3.694043957260984,1.8540339469909668,124.039853432,6.385526512885946,51.47963607024545,3.9411863133603866,True,55
CICSOW02_clean-(id:174946),0,c1nncn1n1cnnc1,3.599,4.460266176497801,3.438883682603991,2.843324889097687,3.9941349283349377,3.684152419133605,1.969709634780884,136.049744128,7.168594675554505,52.69098241603498,3.964444329255858,True,56
cg8002564_si_006_clean-(id:185223),0,c1n(cnn1)n1cnnc1,3.599,4.460266176497801,3.438883682603991,2.843324889097687,3.9941349283349377,3.684152419133605,1.969717502593994,136.049744128,7.16865107693955,52.691396980468056,3.964452197068968,True,57
CICSOW_clean-(id:174944),0,c1nncn1n1cnnc1,3.599,4.460266176497801,3.438883682603991,2.843324889097687,3.9941349283349377,3.684152419133605,1.9697179794311523,136.049744128,7.168654495219575,52.69142210569006,3.964452673906126,True,58
FABGUM_clean-(id:176185),0,c1nncn1CCn1cnnc1,3.298,4.59962890227185,3.12785443747477,2.8525878107896347,4.26704646861452,3.7117794047876935,2.1856472492218018,164.08104425599998,8.896404881417318,54.21957741527478,3.993042050149973,True,59
ANONAT_manual-(id:185465),0,c1c(C(=O)[O])cc(C(=O)[O])cc1N1C(=O)c2ccc3C(=O)N(C(=O)c4ccc(C1=O)c2c34)c1cc(C(=O)[O])cc(C(=O)[O])c1,3.325,5.392506288947914,4.163869161907644,4.604865493472737,6.949861837894485,5.277775695555695,3.492291212081909,590.02337376,32.86115338891734,55.69466372070212,4.019884338406623,True,60
NACYAU_clean-(id:179937),0,c1c(C(=O)[O])ccc2-c3c(cc(cc3)C(=O)[O])N=C(C(=Nc12)c1ccccc1)c1ccccc1,2.93,4.697552297009088,4.876959094232456,5.801233676816849,7.087000674829923,5.615686435722079,3.221809148788452,444.111006992,25.073440758113133,56.457598130561074,4.033489880839346,True,61
UMODEH12_clean-(id:183172),0,c1c(C(=O)[O])ccc(c1)c1cc(cc(c2ccc(C(=O)[O])cc2)c1OCC)c1cc(c2ccc(C(=O)[O])cc2)c(c(c2ccc(C(=O)[O])cc2)c1)OCC,3.133,4.945727166248484,4.907912795299682,5.533093403783504,7.61681396272059,5.750886832013064,3.7081832885742174,718.18389716,40.7796543268552,56.781632793655,4.039212907124056,True,62
UMODEH13_clean-(id:183173),0,c1c(C(=O)[O])ccc(c1)c1cc(cc(c2ccc(C(=O)[O])cc2)c1OCC)c1cc(c2ccc(C(=O)[O])cc2)c(c(c2ccc(C(=O)[O])cc2)c1)OCC,3.133,4.945727166248484,4.907912795299682,5.533093403783504,7.61681396272059,5.750886832013064,3.708183526992798,718.18389716,40.77966404948362,56.78164633145285,4.039213145542636,True,63
UMODEH11_clean-(id:183171),0,c1c(C(=O)[O])ccc(c1)c1cc(cc(c2ccc(C(=O)[O])cc2)c1OCC)c1cc(c2ccc(C(=O)[O])cc2)c(c(c2ccc(C(=O)[O])cc2)c1)OCC,3.133,4.945727166248484,4.907912795299682,5.533093403783504,7.61681396272059,5.750886832013064,3.708204984664917,718.18389716,40.78053909553211,56.78286474647433,4.039234603214755,True,64
UMODEH20_clean-(id:183180),0,c1c(C(=O)[O])ccc(c1)c1cc(cc(c2ccc(C(=O)[O])cc2)c1OCC)c1cc(c2ccc(C(=O)[O])cc2)c(c(c2ccc(C(=O)[O])cc2)c1)OCC,3.133,4.945727166248484,4.907912795299682,5.533093403783504,7.61681396272059,5.750886832013064,3.708204984664917,718.18389716,40.78053909553211,56.78286474647433,4.039234603214755,True,65
UMODEH15_clean-(id:183175),0,c1c(C(=O)[O])ccc(c1)c1cc(cc(c2ccc(C(=O)[O])cc2)c1OCC)c1cc(c2ccc(C(=O)[O])cc2)c(c(c2ccc(C(=O)[O])cc2)c1)OCC,3.133,4.945727166248484,4.907912795299682,5.533093403783504,7.61681396272059,5.750886832013064,3.708204984664917,718.18389716,40.78053909553211,56.78286474647433,4.039234603214755,True,66
UMODEH16_clean-(id:183176),0,c1c(C(=O)[O])ccc(c1)c1cc(cc(c2ccc(C(=O)[O])cc2)c1OCC)c1cc(c2ccc(C(=O)[O])cc2)c(c(c2ccc(C(=O)[O])cc2)c1)OCC,3.133,4.945727166248484,4.907912795299682,5.533093403783504,7.61681396272059,5.750886832013064,3.708205223083496,718.18389716,40.78054881837146,56.78287828456588,4.039234841633334,True,67
UMODEH06_clean-(id:183166),0,c1c(C(=O)[O])ccc(c1)c1cc(cc(c2ccc(C(=O)[O])cc2)c1OCC)c1cc(c2ccc(C(=O)[O])cc2)c(c(c2ccc(C(=O)[O])cc2)c1)OCC,3.133,4.945727166248484,4.907912795299682,5.533093403783504,7.61681396272059,5.750886832013064,3.708205223083496,718.18389716,40.78054881837146,56.78287828456588,4.039234841633334,True,68
UMODEH17_clean-(id:183177),0,c1c(C(=O)[O])ccc(c1)c1cc(cc(c2ccc(C(=O)[O])cc2)c1OCC)c1cc(c2ccc(C(=O)[O])cc2)c(c(c2ccc(C(=O)[O])cc2)c1)OCC,3.133,4.945727166248484,4.907912795299682,5.533093403783504,7.61681396272059,5.750886832013064,3.708205223083496,718.18389716,40.78054881837146,56.78287828456588,4.039234841633334,True,69
UMODEH10_clean-(id:183170),0,c1c(C(=O)[O])ccc(c1)c1cc(cc(c2ccc(C(=O)[O])cc2)c1OCC)c1cc(c2ccc(C(=O)[O])cc2)c(c(c2ccc(C(=O)[O])cc2)c1)OCC,3.133,4.945727166248484,4.907912795299682,5.533093403783504,7.61681396272059,5.750886832013064,3.708205461502075,718.18389716,40.780558541213125,56.78289182266065,4.039235080051913,True,70
MALSEA_clean-(id:179532),0,c1c(c(ccc1c1cc(c(cc1)[O])C(=O)[O])[O])C(=O)[O],3.592,5.142508425970322,4.309628353995754,4.762810439501301,5.435349765172224,4.9125742461599,2.752047300338745,270.016437912,15.674689854693057,58.05087266502468,4.061319741020134,True,71
MALRUP_clean-(id:179530),0,c1c(c(ccc1c1cc(c(cc1)[O])C(=O)[O])[O])C(=O)[O],3.592,5.142508425970322,4.309628353995754,4.762810439501301,5.435349765172224,4.9125742461599,2.752047300338745,270.016437912,15.674689854693057,58.05087266502468,4.061319741020134,True,72
cg501730q_si_002_clean-(id:174926),0,c1cc(ccc1C(=O)[O])c1cncnc1,2.361,4.904823846836584,4.072264818220443,4.081401344116811,5.626762884091869,4.671313223316427,2.45606017112732,199.050752464,11.658787308856962,58.57193285901067,4.070255620393963,True,73
ESUMOU01_clean-(id:169889),0,C(C(=O)[O])OCC(=O)[O],3.815,3.262141519701816,3.683305209596666,2.963144237248543,3.744116550821154,3.4131768793420445,2.051218271255493,132.005873228,7.7773702837822976,58.916850391567465,4.07612713448958,True,74
ESUMOU_clean-(id:176038),0,C(C(=O)[O])OCC(=O)[O],3.815,3.262141519701816,3.683305209596666,2.963144237248543,3.744116550821154,3.4131768793420445,2.0512287616729736,132.005873228,7.777451872071421,58.917468457166585,4.07613762490706,True,75
ESUMOU01_clean-(id:176039),0,C(C(=O)[O])OCC(=O)[O],3.815,3.262141519701816,3.683305209596666,2.963144237248543,3.744116550821154,3.4131768793420445,2.0512478351593018,132.005873228,7.77760021660809,58.91859222941278,4.076156698393389,True,76
ESUMOU_clean-(id:169890),0,C(C(=O)[O])OCC(=O)[O],3.815,3.262141519701816,3.683305209596666,2.963144237248543,3.744116550821154,3.4131768793420445,2.051250696182251,132.005873228,7.777622468532631,58.91876079709842,4.076159559416337,True,77
PUGFII_clean-(id:181221),0,c1c(C(=O)[O])ccc(c1)S(=O)(=O)c1ccc(cc1)C(=O)[O],2.478,4.760773993927253,3.5705868238959937,3.687567580691773,5.192255696398883,4.302796023728476,2.9067814350128174,304.004158976,18.297810996459795,60.18934431059655,4.097495331840209,True,78
WITJOA_clean-(id:184155),0,c1c(C(=O)[O])ccc(c1)S(=O)(=O)c1ccc(cc1)C(=O)[O],2.478,4.760773993927253,3.5705868238959937,3.687567580691773,5.192255696398883,4.302796023728476,2.906781911849976,304.004158976,18.29781972153808,60.18937301111932,4.097495808677368,True,79
PUGJEI_clean-(id:181227),0,c1c(C(=O)[O])ccc(c1)S(=O)(=O)c1ccc(cc1)C(=O)[O],2.478,4.760773993927253,3.5705868238959937,3.687567580691773,5.192255696398883,4.302796023728476,2.9067821502685547,304.004158976,18.29782408407877,60.18938736138579,4.097496047095946,True,80
WITJUG_clean-(id:184156),0,c1c(C(=O)[O])ccc(c1)S(=O)(=O)c1ccc(cc1)C(=O)[O],2.478,4.760773993927253,3.5705868238959937,3.687567580691773,5.192255696398883,4.302796023728476,2.906782627105713,304.004158976,18.29783280916329,60.189416061929066,4.097496523933105,True,81
GITWIQ_clean-(id:170269),0,C1=C[N]C(=N1)N(=O)=O,4.618,3.9793916385957737,3.319635743663808,3.693114727840156,3.9250972776581694,3.729309846939477,1.9146513938903809,112.014701304,6.784573241016658,60.56859646131453,4.1037765485486215,True,82
RUBTAK02_SL-(id:185230),0,c1cc(ccc1C(=O)[O])C(=O)[O],2.861,4.367341789199778,3.8022466209587193,3.8650169515862967,4.75490278562171,4.197377036841626,2.2970645427703857,164.010958608,9.944946600112324,60.6358665574389,4.104886575380245,True,83
LUSHOX04_clean-(id:179403),0,c1c(C(=O)[O])ccc(c1)C(=O)[O],2.861,4.367341789199778,3.8022466209587193,3.8650169515862967,4.75490278562171,4.197377036841626,2.2970645427703857,164.010958608,9.944946600112324,60.6358665574389,4.104886575380245,True,84
NOCKUM_clean-(id:171404),0,c1c(C(=O)[O])ccc(c1)C(=O)[O],2.861,4.367341789199778,3.8022466209587193,3.8650169515862967,4.75490278562171,4.197377036841626,2.2970645427703857,164.010958608,9.944946600112324,60.6358665574389,4.104886575380245,True,85
VEGMOK_charged-(id:183541),0,c1c(C(=O)[O])ccc(C(=O)[O])c1,2.861,4.367341789199778,3.8022466209587193,3.8650169515862967,4.75490278562171,4.197377036841626,2.297064781188965,164.010958608,9.944948971172645,60.63588101415778,4.104886813798824,True,86
LAWGEW_clean-(id:170888),0,c1cc(ccc1C(=O)[O])C(=O)[O],2.861,4.367341789199778,3.8022466209587193,3.8650169515862967,4.75490278562171,4.197377036841626,2.297064781188965,164.010958608,9.944948971172645,60.63588101415778,4.104886813798824,True,87
LAWFOF_clean-(id:179075),0,c1cc(ccc1C(=O)[O])C(=O)[O],2.861,4.367341789199778,3.8022466209587193,3.8650169515862967,4.75490278562171,4.197377036841626,2.297064781188965,164.010958608,9.944948971172645,60.63588101415778,4.104886813798824,True,88
NOCKOG_clean-(id:180244),0,c1c(C(=O)[O])ccc(c1)C(=O)[O],2.861,4.367341789199778,3.8022466209587193,3.8650169515862967,4.75490278562171,4.197377036841626,2.297065019607544,164.010958608,9.94495134223353,60.63589547088009,4.104887052217404,True,89
cm503311x_F-mil-53-Al-lp-mono_clean-(id:175055),0,c1c(ccc(C(=O)[O])c1)C(=O)[O],2.861,4.367341789199778,3.8022466209587193,3.8650169515862967,4.75490278562171,4.197377036841626,2.297065019607544,164.010958608,9.94495134223353,60.63589547088009,4.104887052217404,True,90
PICTIG_clean-(id:181075),0,c1c(ccc(c1)C(=O)[O])C(=O)[O],2.861,4.367341789199778,3.8022466209587193,3.8650169515862967,4.75490278562171,4.197377036841626,2.297065019607544,164.010958608,9.94495134223353,60.63589547088009,4.104887052217404,True,91
NOCKUM_clean-(id:180245),0,c1c(C(=O)[O])ccc(c1)C(=O)[O],2.861,4.367341789199778,3.8022466209587193,3.8650169515862967,4.75490278562171,4.197377036841626,2.297065019607544,164.010958608,9.94495134223353,60.63589547088009,4.104887052217404,True,92
WAYMIU_manual-(id:172629),0,c1cc(ccc1C(=O)[O])C(=O)[O],2.861,4.367341789199778,3.8022466209587193,3.8650169515862967,4.75490278562171,4.197377036841626,2.297065258026123,164.010958608,9.94495371329498,60.63590992760586,4.104887290635983,True,93
cm503311x_F-mil-53-Al-lp-ortho_clean-(id:175056),0,c1c(ccc(C(=O)[O])c1)C(=O)[O],2.861,4.367341789199778,3.8022466209587193,3.8650169515862967,4.75490278562171,4.197377036841626,2.297065258026123,164.010958608,9.94495371329498,60.63590992760586,4.104887290635983,True,94
HIFTOG_clean-(id:170423),0,c1cc(ccc1C(=O)[O])C(=O)[O],2.861,4.367341789199778,3.8022466209587193,3.8650169515862967,4.75490278562171,4.197377036841626,2.297065496444702,164.010958608,9.944956084356996,60.63592438433507,4.104887529054562,True,95
PICTIG_clean-(id:171728),0,c1c(ccc(c1)C(=O)[O])C(=O)[O],2.861,4.367341789199778,3.8022466209587193,3.8650169515862967,4.75490278562171,4.197377036841626,2.297065496444702,164.010958608,9.944956084356996,60.63592438433507,4.104887529054562,True,96
LAWGAS_clean-(id:179078),0,c1cc(ccc1C(=O)[O])C(=O)[O],2.861,4.367341789199778,3.8022466209587193,3.8650169515862967,4.75490278562171,4.197377036841626,2.297065496444702,164.010958608,9.944956084356996,60.63592438433507,4.104887529054562,True,97
VEGMOK03_charged-(id:172502),0,c1c(C(=O)[O])ccc(C(=O)[O])c1,2.861,4.367341789199778,3.8022466209587193,3.8650169515862967,4.75490278562171,4.197377036841626,2.297065496444702,164.010958608,9.944956084356996,60.63592438433507,4.104887529054562,True,98
HIFTOG02_clean-(id:170422),0,c1cc(ccc1C(=O)[O])C(=O)[O],2.861,4.367341789199778,3.8022466209587193,3.8650169515862967,4.75490278562171,4.197377036841626,2.297065496444702,164.010958608,9.944956084356996,60.63592438433507,4.104887529054562,True,99
FIJDIM08_clean-(id:170067),0,c1c(C(=O)[O])ccc(c1)C(=O)[O],2.861,4.367341789199778,3.8022466209587193,3.8650169515862967,4.75490278562171,4.197377036841626,2.297065734863281,164.010958608,9.944958455419574,60.63593884106769,4.104887767473141,True,100
FIJDIM02_clean-(id:170061),0,c1c(C(=O)[O])ccc(c1)C(=O)[O],2.861,4.367341789199778,3.8022466209587193,3.8650169515862967,4.75490278562171,4.197377036841626,2.297065734863281,164.010958608,9.944958455419574,60.63593884106769,4.104887767473141,True,101
FIJCUX_clean-(id:170059),0,c1c(C(=O)[O])ccc(c1)C(=O)[O],2.861,4.367341789199778,3.8022466209587193,3.8650169515862967,4.75490278562171,4.197377036841626,2.297065734863281,164.010958608,9.944958455419574,60.63593884106769,4.104887767473141,True,102
IBUBIT_clean-(id:177597),1,c1c(C(=O)[O])ccc(C(=O)[O])c1,2.861,4.367341789199778,3.8022466209587193,3.8650169515862967,4.75490278562171,4.197377036841626,2.297065734863281,164.010958608,9.944958455419574,60.63593884106769,4.104887767473141,True,103
SETRAM_clean-(id:182296),0,c1c(ccc(c1)C(=O)[O])C(=O)[O],2.861,4.367341789199778,3.8022466209587193,3.8650169515862967,4.75490278562171,4.197377036841626,2.297065734863281,164.010958608,9.944958455419574,60.63593884106769,4.104887767473141,True,104
FIJCUX_clean-(id:176426),0,c1c(C(=O)[O])ccc(c1)C(=O)[O],2.861,4.367341789199778,3.8022466209587193,3.8650169515862967,4.75490278562171,4.197377036841626,2.2970659732818604,164.010958608,9.944960826482726,60.63595329780383,4.10488800589172,True,105
QONQEQ_manual-(id:181551),0,c1cc(ccc1C(=O)[O])C(=O)[O],2.861,4.367341789199778,3.8022466209587193,3.8650169515862967,4.75490278562171,4.197377036841626,2.2970659732818604,164.010958608,9.944960826482726,60.63595329780383,4.10488800589172,True,106
MEJMOE_clean-(id:179631),0,c1c(C(=O)[O])ccc(c1)C(=O)[O],2.861,4.367341789199778,3.8022466209587193,3.8650169515862967,4.75490278562171,4.197377036841626,2.2970659732818604,164.010958608,9.944960826482726,60.63595329780383,4.10488800589172,True,107
cm503311x_F-mil-53-Al-np_clean-(id:175057),0,c1c(C(=O)[O])ccc(c1)C(=O)[O],2.861,4.367341789199778,3.8022466209587193,3.8650169515862967,4.75490278562171,4.197377036841626,2.2970659732818604,164.010958608,9.944960826482726,60.63595329780383,4.10488800589172,True,108
WAYMEQ_SL-(id:185525),0,c1cc(ccc1C(=O)[O])C(=O)[O],2.861,4.367341789199778,3.8022466209587193,3.8650169515862967,4.75490278562171,4.197377036841626,2.2970659732818604,164.010958608,9.944960826482726,60.63595329780383,4.10488800589172,True,109
FIJDIM01_clean-(id:170060),0,c1c(C(=O)[O])ccc(c1)C(=O)[O],2.861,4.367341789199778,3.8022466209587193,3.8650169515862967,4.75490278562171,4.197377036841626,2.2970659732818604,164.010958608,9.944960826482726,60.63595329780383,4.10488800589172,True,110
cm503311x_OH-mil-53-Al-lp-ortho_clean-(id:175058),0,c1c(ccc(C(=O)[O])c1)C(=O)[O],2.861,4.367341789199778,3.8022466209587193,3.8650169515862967,4.75490278562171,4.197377036841626,2.2970662117004395,164.010958608,9.944963197546436,60.63596775454338,4.104888244310299,True,111
EDUSIF_clean-(id:175768),0,c1cc(ccc1C(=O)[O])C(=O)[O],2.861,4.367341789199778,3.8022466209587193,3.8650169515862967,4.75490278562171,4.197377036841626,2.2970662117004395,164.010958608,9.944963197546436,60.63596775454338,4.104888244310299,True,112
ZONBAH_clean-(id:185482),0,c1c(C(=O)[O])ccc(C(=O)[O])c1,2.861,4.367341789199778,3.8022466209587193,3.8650169515862967,4.75490278562171,4.197377036841626,2.2970664501190186,164.010958608,9.944965568610714,60.635982211286375,4.104888482728878,True,113
NAKLIW_clean-(id:179967),0,c1c(C(=O)[O])ccc(C(=O)[O])c1,2.861,4.367341789199778,3.8022466209587193,3.8650169515862967,4.75490278562171,4.197377036841626,2.2970664501190186,164.010958608,9.944965568610714,60.635982211286375,4.104888482728878,True,114
FIJDIM12_clean-(id:170071),0,c1c(C(=O)[O])ccc(c1)C(=O)[O],2.861,4.367341789199778,3.8022466209587193,3.8650169515862967,4.75490278562171,4.197377036841626,2.2970664501190186,164.010958608,9.944965568610714,60.635982211286375,4.104888482728878,True,115
ZAZBUZ_clean-(id:184998),0,c1c(C(=O)[O])ccc(C(=O)[O])c1,2.861,4.367341789199778,3.8022466209587193,3.8650169515862967,4.75490278562171,4.197377036841626,2.2970664501190186,164.010958608,9.944965568610714,60.635982211286375,4.104888482728878,True,116
LAWGEW_clean-(id:179079),0,c1cc(ccc1C(=O)[O])C(=O)[O],2.861,4.367341789199778,3.8022466209587193,3.8650169515862967,4.75490278562171,4.197377036841626,2.2970664501190186,164.010958608,9.944965568610714,60.635982211286375,4.104888482728878,True,117
TAGVAB_clean-(id:182558),0,c1c(ccc(c1)C(=O)[O])C(=O)[O],2.861,4.367341789199778,3.8022466209587193,3.8650169515862967,4.75490278562171,4.197377036841626,2.2970664501190186,164.010958608,9.944965568610714,60.635982211286375,4.104888482728878,True,118
FIJDIM03_clean-(id:170062),0,c1c(C(=O)[O])ccc(c1)C(=O)[O],2.861,4.367341789199778,3.8022466209587193,3.8650169515862967,4.75490278562171,4.197377036841626,2.2970664501190186,164.010958608,9.944965568610714,60.635982211286375,4.104888482728878,True,119
FIJDIM03_clean-(id:176432),0,c1c(C(=O)[O])ccc(c1)C(=O)[O],2.861,4.367341789199778,3.8022466209587193,3.8650169515862967,4.75490278562171,4.197377036841626,2.2970664501190186,164.010958608,9.944965568610714,60.635982211286375,4.104888482728878,True,120
HIFTOG02_clean-(id:177306),0,c1cc(ccc1C(=O)[O])C(=O)[O],2.861,4.367341789199778,3.8022466209587193,3.8650169515862967,4.75490278562171,4.197377036841626,2.2970664501190186,164.010958608,9.944965568610714,60.635982211286375,4.104888482728878,True,121
ZAZBUZ_clean-(id:173798),0,c1c(C(=O)[O])ccc(C(=O)[O])c1,2.861,4.367341789199778,3.8022466209587193,3.8650169515862967,4.75490278562171,4.197377036841626,2.2970666885375977,164.010958608,9.944967939675555,60.63599666803282,4.104888721147457,True,122
FIJDIM02_clean-(id:176431),0,c1c(C(=O)[O])ccc(c1)C(=O)[O],2.861,4.367341789199778,3.8022466209587193,3.8650169515862967,4.75490278562171,4.197377036841626,2.2970666885375977,164.010958608,9.944967939675555,60.63599666803282,4.104888721147457,True,123
REDROI_clean-(id:181800),0,c1c(C(=O)[O])ccc(c1)C(=O)[O],2.861,4.367341789199778,3.8022466209587193,3.8650169515862967,4.75490278562171,4.197377036841626,2.2970669269561768,164.010958608,9.944970310740963,60.63601112478271,4.104888959566036,True,124
FIJDIM01_clean-(id:176430),0,c1c(C(=O)[O])ccc(c1)C(=O)[O],2.861,4.367341789199778,3.8022466209587193,3.8650169515862967,4.75490278562171,4.197377036841626,2.297067403793335,164.010958608,9.944975052873476,60.63604003829283,4.1048894364031945,True,125
FIJCUX01_clean-(id:176427),0,c1c(C(=O)[O])ccc(c1)C(=O)[O],2.861,4.367341789199778,3.8022466209587193,3.8650169515862967,4.75490278562171,4.197377036841626,2.297068357467652,164.010958608,9.94498453714529,60.63609786535447,4.104890390077512,True,126
LAWGOG_clean-(id:170890),0,c1cc(ccc1C(=O)[O])C(=O)[O],2.861,4.367341789199778,3.8022466209587193,3.8650169515862967,4.75490278562171,4.197377036841626,2.297068357467652,164.010958608,9.94498453714529,60.63609786535447,4.104890390077512,True,127
WAYMEQ_clean_h-(id:173568),0,c1cc(ccc1C(=O)[O])C(=O)[O],2.861,4.367341789199778,3.8022466209587193,3.8650169515862967,4.75490278562171,4.197377036841626,2.297068357467652,164.010958608,9.94498453714529,60.63609786535447,4.104890390077512,True,128
LAWGIA_clean-(id:170889),0,c1cc(ccc1C(=O)[O])C(=O)[O],2.861,4.367341789199778,3.8022466209587193,3.8650169515862967,4.75490278562171,4.197377036841626,2.297068357467652,164.010958608,9.94498453714529,60.63609786535447,4.104890390077512,True,129
VEGMOK_charged-(id:172504),0,c1c(C(=O)[O])ccc(C(=O)[O])c1,2.861,4.367341789199778,3.8022466209587193,3.8650169515862967,4.75490278562171,4.197377036841626,2.297068357467652,164.010958608,9.94498453714529,60.63609786535447,4.104890390077512,True,130
SETQUF_clean-(id:173501),0,c1c(ccc(c1)C(=O)[O])C(=O)[O],2.861,4.367341789199778,3.8022466209587193,3.8650169515862967,4.75490278562171,4.197377036841626,2.2970688343048096,164.010958608,9.94498927928458,60.636126778905926,4.104890866914669,True,131
WAFKAQ_clean-(id:172599),0,c1cc(ccc1C(=O)[O])C(=O)[O],2.861,4.367341789199778,3.8022466209587193,3.8650169515862967,4.75490278562171,4.197377036841626,2.2970688343048096,164.010958608,9.94498927928458,60.636126778905926,4.104890866914669,True,132
UMEDEX_clean-(id:183129),0,c1cc(C2=N[C](c3ccncc3)NC(=N2)c2ccncc2)ccn1,2.893,4.985356502034237,3.780980493942962,4.164581744570223,5.700569985164119,4.657872181427885,2.9550302028656006,313.120169416,19.202302675641885,61.3256651957492,4.116198437142376,True,133
QOPPOC_clean-(id:181557),0,NC(=O)[C](C#N)C#N,3.877,3.944635251154792,3.490972742172172,3.531208355280888,3.614291121971702,3.645276867644888,1.8928680419921875,108.019786684,6.638380558781823,61.45522744089169,4.118308900593977,True,134
JOCWIJ_clean-(id:178403),0,c1nncn1CC(=O)[O],3.6,3.8129160239494833,3.233209903827569,3.087078337259862,4.008391074577897,3.5353988349037024,2.051060676574707,126.030351368,7.776144708169705,61.700571519188216,4.122293193740212,True,135
CUSDIE_charged-(id:169589),1,c1nncn1CC(=O)[O],3.6,3.8129160239494833,3.233209903827569,3.087078337259862,4.008391074577897,3.5353988349037024,2.0510990619659424,126.030351368,7.776443204255538,61.702939965222,4.122331579131448,True,136
CAXWEF_clean-(id:174801),0,[CH]1[C](C(=O)[O])C(=O)[CH][C](C(=O)[O])C1=O,4.441,3.898747263985068,3.4600085970925942,3.662875468892505,3.678285293258128,3.6749791558070735,2.5111019611358643,193.985137784,12.3184970890128,63.5022725438342,4.151075693350145,True,137
RIPNIP_clean-(id:172015),0,c1(c(c(c(c(c1F)F)C(=O)[O])F)F)C(=O)[O],3.278,4.389549187989225,3.997651654863255,4.459842436993111,4.791745468302503,4.409697187037024,2.7102792263031006,235.97327136,15.033472669866466,63.708370796502,4.154315963622833,True,138
FUSMOW_clean-(id:176624),0,c1ccc(cn1)C(=O)c1cccnc1,1.83,4.803744393683689,4.05450376342586,3.9052688782432985,5.338456894985484,4.525493482584583,2.462076425552368,184.063662876,11.729140960121509,63.72328343820472,4.154550012876299,True,139
FURRIU_clean-(id:176616),0,c1ccc(cn1)C(=O)c1cccnc1,1.83,4.803744393683689,4.05450376342586,3.9052688782432985,5.338456894985484,4.525493482584583,2.462076663970948,184.063662876,11.729143756566968,63.72329863102125,4.154550251294879,True,140
FURREQ_clean-(id:176615),0,c1ccc(cn1)C(=O)c1cccnc1,1.83,4.803744393683689,4.05450376342586,3.9052688782432985,5.338456894985484,4.525493482584583,2.462076663970948,184.063662876,11.729143756566968,63.72329863102125,4.154550251294879,True,141
FURROA_clean-(id:176617),0,c1ccc(cn1)C(=O)c1cccnc1,1.83,4.803744393683689,4.05450376342586,3.9052688782432985,5.338456894985484,4.525493482584583,2.462078094482422,184.063662876,11.729160535253694,63.72338978799631,4.154551681806352,True,142
FUSMUC_clean-(id:176625),0,c1ccc(cn1)C(=O)c1cccnc1,1.83,4.803744393683689,4.05450376342586,3.9052688782432985,5.338456894985484,4.525493482584583,2.462078809738159,184.063662876,11.729168924606062,63.72343536653277,4.15455239706209,True,143
IJENER_clean-(id:170557),0,CSc1c(C(=O)[O])c(c(c(C(=O)[O])c1SC)SC)SC,3.911,4.756547293944065,4.48230664154222,5.486864441296542,6.250010446314075,5.243932205774225,3.1153452396392822,347.961842864,22.54121112990061,64.78069820635703,4.171007691801139,True,144
IJENER_clean-(id:177808),0,CSc1c(C(=O)[O])c(c(c(C(=O)[O])c1SC)SC)SC,3.911,4.756547293944065,4.48230664154222,5.486864441296542,6.250010446314075,5.243932205774225,3.1153452396392822,347.961842864,22.54121112990061,64.78069820635703,4.171007691801139,True,145
AQOSEG_clean-(id:174151),0,c1c(cc(cc1)n1cnnc1)n1cnnc1,2.696,4.92695468182674,3.548010631916565,3.271871075965513,5.432749641364379,4.294896507768299,2.63508677482605,212.081044256,13.944522444173598,65.7509137277793,4.185873567961758,True,146
HENYUV_clean-(id:177271),0,c1c(C(=O)[O])nc(cc1c1cc(C(=O)[O])nc(c1)C(=O)[O])C(=O)[O],3.613,3.9644020333055696,2.732542495614396,3.003738543688336,5.085348246259198,3.6965078297168734,3.0722599029541016,327.9967650879999,21.590640334942872,65.82577218147323,4.187011436137316,True,147
HESVOR_clean-(id:173191),0,c1c(c2cc(C(=O)[O])nc(c2)C(=O)[O])cc(C(=O)[O])nc1C(=O)[O],3.613,3.9644020333055696,2.732542495614396,3.003738543688336,5.085348246259198,3.6965078297168734,3.072265386581421,327.996765088,21.59075873029267,65.82613314646555,4.187016919764635,True,148
IFEQAN_SL-(id:185663),0,c1nc2cc3ccccc3cc2n1c1ccc(C(=O)[O])cc1,2.369,5.698790675331809,4.8042860444830735,5.621992827249181,6.554360371993716,5.6698574797644445,2.940812110900879,287.082052592,18.93121431666189,65.94356611894115,4.188799317451205,True,149
IFEPUG_clean-(id:173217),0,c1nc2cc3ccccc3cc2n1c1ccc(C(=O)[O])cc1,2.369,5.698790675331809,4.8042860444830735,5.621992827249181,6.554360371993716,5.6698574797644445,2.940813064575196,287.082052592,18.931232370883382,65.9436290076565,4.188800271125523,True,150
