"descriptor","adsorbate","model","n_samples","n_features","train_samples","test_samples","cv_folds","random_state","CV_R2","CV_RMSE","CV_MAE","Train_R2","Train_RMSE","Train_MAE","Test_R2","Test_RMSE","Test_MAE"
"sine_matrix","benzene","RandomForest","1000","584","800","200","5","42","0.9402514740839278","28.363652972654013","15.55646119964768","0.9909221192138892","11.055816025522068","5.659405162049093","0.9128939915449917","35.580409896479175","15.317313216644267"
"sine_matrix","benzene","ExtraTrees","1000","584","800","200","5","42","0.9540242238981814","24.88072895839154","13.659102811456487","1.0","3.656764198908127e-13","2.7712943051483306e-13","0.9098068380571002","36.20542890249284","15.553292251568859"
"sine_matrix","benzene","GradientBoosting","1000","584","800","200","5","42","0.9597765880020827","23.272231013551664","12.59114517507994","0.9969860518856457","6.370396314020007","4.893619622929554","0.9419836470013571","29.037692565081034","11.528575470250523"
"sine_matrix","benzene","HistGradientBoosting","1000","584","800","200","5","42","0.9428148758088021","27.74853760124473","13.74727809186385","0.992364079743869","10.139796937683919","2.8353450148104526","0.9088488086979721","36.39720753063017","13.794906889539783"
"sine_matrix","benzene","Bagging","1000","584","800","200","5","42","0.9485369989855915","26.32365072112503","14.078144911399523","0.9913164080833458","10.813051426502996","5.030392307549397","0.9154481800016013","35.05487078383429","13.932831683635696"
"sine_matrix","benzene","XGBoost","1000","584","800","200","5","42","0.9502507410486133","25.881644859586523","11.987079045821286","0.9998870916637795","1.2329957213818636","0.9192545352432058","0.9271972121900692","32.52826469897442","11.98885973997677"
"sine_matrix","toluene","RandomForest","1000","584","800","200","5","42","0.9512670433736663","36.28094293156163","20.450375983151893","0.9932602989476352","13.492347000159937","7.302085764183364","0.956182583410996","32.63745695265225","19.380500043922098"
"sine_matrix","toluene","ExtraTrees","1000","584","800","200","5","42","0.9590475053094544","33.25886058640024","18.320459741016784","1.0","5.569339052055194e-13","4.320011015579439e-13","0.9616301573142058","30.54132939727244","17.410665748837506"
"sine_matrix","toluene","GradientBoosting","1000","584","800","200","5","42","0.9722646771155833","27.370567263631433","15.520626889661425","0.9977802333039614","7.743206669762512","5.831469866370713","0.9724013058020282","25.902232356379248","15.917307649799586"
"sine_matrix","toluene","HistGradientBoosting","1000","584","800","200","5","42","0.9543134533300632","35.12864120444004","16.889006542577842","0.9951946915579368","11.39273039231613","3.3473731959951647","0.9545996518825763","33.22175102601367","15.669031586270666"
"sine_matrix","toluene","Bagging","1000","584","800","200","5","42","0.9485252404607547","37.28759291629373","18.42635284283375","0.9936864150024011","13.058858050231969","6.580776164800625","0.9622675680542011","30.28658637538707","16.765761481064995"
"sine_matrix","toluene","XGBoost","1000","584","800","200","5","42","0.9676918730226535","29.540856015696303","13.828964962739551","0.9999623499235543","1.0084401225066257","0.7380214036926261","0.9759811715855979","24.16400058316381","12.60875015720166"
"stoichiometric_120","benzene","RandomForest","1000","135","800","200","5","42","0.1074068500494797","109.62897167822975","75.38276483120526","0.8514271110345011","44.72685378549584","29.331750353453284","0.27699750578515003","102.50777056834454","74.0388442812392"
"stoichiometric_120","benzene","ExtraTrees","1000","135","800","200","5","42","0.05872516253223492","112.57884538353478","74.98337424615633","0.955013528620122","24.611581997464747","5.107434586745572","0.28927034666770524","101.63402102340049","72.47572974879171"
"stoichiometric_120","benzene","GradientBoosting","1000","135","800","200","5","42","0.03529985579318007","113.97109932851107","80.47522495597975","0.5336866346909019","79.23872835619956","60.32992698529148","0.1905084597226896","108.46585591207254","77.67466152870476"
"stoichiometric_120","benzene","HistGradientBoosting","1000","135","800","200","5","42","0.04236450487140364","113.55301846805334","78.17112775587046","0.8554501234144815","44.117147898125374","26.098762659547564","0.20410702958905635","107.55094356091546","74.46769678028491"
"stoichiometric_120","benzene","Bagging","1000","135","800","200","5","42","0.08263471242481724","111.13982714620984","75.4140222326043","0.8390272633460657","46.55590028778273","30.33076667020483","0.18459554619182583","108.86127839198915","76.31536031033009"
"stoichiometric_120","benzene","XGBoost","1000","135","800","200","5","42","0.048862978529671475","113.16707964038761","75.84090498371823","0.8892602306576495","38.614496193353325","26.279022414522032","0.2972892923268413","101.05904178119039","73.94609807693377"
"stoichiometric_120","toluene","RandomForest","1000","135","800","200","5","42","0.17513090318297408","149.265590023925","94.76378436529583","0.8663847736604862","60.07519112677701","37.63160454414508","0.3773768493040306","123.02845216008201","83.02503680774582"
"stoichiometric_120","toluene","ExtraTrees","1000","135","800","200","5","42","0.14357781362020305","152.09367021413505","92.52385265732848","0.9707858690920398","28.090771743257864","6.1000883206184495","0.3313039215696939","127.49915774773504","78.76993546006072"
"stoichiometric_120","toluene","GradientBoosting","1000","135","800","200","5","42","0.0829860233060058","157.382037269344","102.79672880981757","0.6257943971679889","100.5361680906924","75.37211732956297","0.22290291238733873","137.44551356777222","91.1896640964636"
"stoichiometric_120","toluene","HistGradientBoosting","1000","135","800","200","5","42","0.14002274026381456","152.40901946529604","98.02094621801083","0.877461031583455","57.531314262815584","34.385711048546064","0.29780079077612465","130.65411596038473","86.71873991757657"
"stoichiometric_120","toluene","Bagging","1000","135","800","200","5","42","0.1486853610592911","151.63946239071592","95.48567856834124","0.8619062318261654","61.07369916541613","38.227344392673686","0.35362978490407293","125.35267196298054","81.40713206705512"
"stoichiometric_120","toluene","XGBoost","1000","135","800","200","5","42","0.10318699731032666","155.63889312052376","95.74868499396258","0.9270283837180715","44.396033271751264","29.539685898741137","0.2936952889713106","131.03550271703784","83.50502953213476"
"orbital_field_matrix","benzene","RandomForest","1000","1521","800","200","5","42","0.2181122593011401","102.60552988875301","70.40610265306238","0.8970358878336072","37.23415524322185","25.126367354241992","0.28684607130945217","101.80720860821904","70.13452302903494"
"orbital_field_matrix","benzene","ExtraTrees","1000","1521","800","200","5","42","0.19553041981756614","104.07666776322289","69.86135307882353","1.0","3.656764198908127e-13","2.7712943051483306e-13","0.32679625113295896","98.91454402060332","69.13472971683962"
"orbital_field_matrix","benzene","GradientBoosting","1000","1521","800","200","5","42","0.17827824293966887","105.1867310987686","73.97928559793897","0.7096018810871719","62.531013110585775","48.154321107962495","0.1586587501539346","110.5790823503277","77.59277080273725"
"orbital_field_matrix","benzene","HistGradientBoosting","1000","1521","800","200","5","42","0.22697856030582642","102.02211797936035","69.46660664095756","0.9469849736658715","26.717637699645525","13.904441508872068","0.2626692017354696","103.51852560590947","68.54359214920346"
"orbital_field_matrix","benzene","Bagging","1000","1521","800","200","5","42","0.19528396832816675","104.09260863049678","71.35775745390875","0.8905576522043601","38.38762699460658","26.0019329049634","0.2679543184261465","103.14685293073494","71.42346326648281"
"orbital_field_matrix","benzene","XGBoost","1000","1521","800","200","5","42","0.25918289505258507","99.87437309899387","68.192123981425","0.9805863713583987","16.167837092432066","11.760929410010315","0.2582539146385041","103.82800800135497","72.0953524902255"
"orbital_field_matrix","toluene","RandomForest","1000","1521","800","200","5","42","0.28211680772511727","139.2496390159456","90.74657132476906","0.9019901237888247","51.451981600334705","32.60344104960259","0.43616445385144065","117.0763444253113","77.46674935053416"
"orbital_field_matrix","toluene","ExtraTrees","1000","1521","800","200","5","42","0.29797742396396576","137.70278525805796","85.49417925224549","0.9999996391219541","0.0987296088754726","0.010751615770422012","0.4501428568334962","115.615979630709","72.97671321734248"
"orbital_field_matrix","toluene","GradientBoosting","1000","1521","800","200","5","42","0.18388259884074354","148.47163950976122","98.68414422686132","0.7486914580875098","82.38929953029805","62.99892298407674","0.35494850901934705","125.22473445303727","85.08882022165673"
"orbital_field_matrix","toluene","HistGradientBoosting","1000","1521","800","200","5","42","0.21581347552809693","145.53815762377965","91.51573444776665","0.9597160587175325","32.986266430675016","17.270732966734464","0.408507937565175","119.91330919838012","78.97844072731337"
"orbital_field_matrix","toluene","Bagging","1000","1521","800","200","5","42","0.21202997376851163","145.88882757050087","92.73724531908577","0.8924696193603218","53.89305177767785","34.45070922567156","0.3822225832762718","122.54876582344002","79.95909823897877"
"orbital_field_matrix","toluene","XGBoost","1000","1521","800","200","5","42","0.2780214412116475","139.64626850819403","88.85285066901444","0.9846883719485854","20.336577714986934","14.746675049572072","0.4467438501923158","115.97277597781735","77.15977011596974"
"structural","benzene","RandomForest","679","217","543","136","5","42","0.20810191068793937","107.51924574723415","76.56850641175247","0.8870099227604246","40.61362124343038","28.327749408991103","0.23967042065809774","107.14556256243776","79.74953098490197"
"structural","benzene","ExtraTrees","679","217","543","136","5","42","0.19367076135118977","108.49451073822325","76.55818832088076","1.0","3.9653613238881837e-13","3.071298075695269e-13","0.2546067484374457","106.08792976870853","80.48104900069362"
"structural","benzene","GradientBoosting","679","217","543","136","5","42","0.5331188595812233","82.55715666522042","56.461490881772036","0.9260137750898295","32.86449745953291","25.820572768143126","0.4043130984489557","94.8379748480017","67.00560664849093"
"structural","benzene","HistGradientBoosting","679","217","543","136","5","42","0.5479431481010146","81.23591747221448","57.73433409915067","0.9623226808768636","23.45263034562114","9.253178691407143","0.36693938290855743","97.76781170178171","67.51302201049165"
"structural","benzene","Bagging","679","217","543","136","5","42","0.5731443931807444","78.9390793011616","54.37006211617311","0.9390547486170285","29.827818923182345","20.245325212622692","0.37677649378751277","97.00523205816977","66.14574337926103"
"structural","benzene","XGBoost","679","217","543","136","5","42","0.5082531555610088","84.7271020675962","58.02162835649111","0.9996276969252732","2.3313091758651057","1.637796659450014","0.3974573981186562","95.38215393422975","66.17882551972771"
"structural","toluene","RandomForest","1000","217","800","200","5","42","0.36794595189041546","133.71238964679915","82.96456895252803","0.9182905505792943","48.07626095698629","29.976595029123327","0.45670055724499525","101.76286308735395","71.26362336609331"
"structural","toluene","ExtraTrees","1000","217","800","200","5","42","0.2861696146371797","142.09933876811357","90.85263290523167","1.0","5.60782603106542e-13","4.332978420507061e-13","0.43259922242120485","103.99552478850032","74.00352579059542"
"structural","toluene","GradientBoosting","1000","217","800","200","5","42","0.7071405417802792","91.01734630478784","39.990384039327935","0.9737516800581374","27.248669245565328","15.704094055601576","0.7418166147592226","70.15099461863016","33.88099537718059"
"structural","toluene","HistGradientBoosting","1000","217","800","200","5","42","0.6968778015849973","92.59838511689917","42.71524258107519","0.9830558363501656","21.89296639478559","8.562003694966428","0.7155618932234613","73.63148800876453","35.89873645618748"
"structural","toluene","Bagging","1000","217","800","200","5","42","0.7207395992950213","88.87901240382757","37.67265598085406","0.9574214701378829","34.70482612502436","14.404865746438595","0.7200592180505154","73.04706539367315","33.764016536721876"
"structural","toluene","XGBoost","1000","217","800","200","5","42","0.6988459666949385","92.29727600882279","40.85792798732466","0.999770292616101","2.5490715135233826","1.856681512019971","0.7216958327095089","72.8332252725038","34.80375007637002"
