adsorbate,dominant_metal,n_train,n_test,model,status,r2,rmse,mae
benzene,Zn,854,146,GradientBoosting,evaluated,0.9716742086428235,16.992979973851433,11.662833879157725
benzene,Cu,874,126,GradientBoosting,evaluated,0.9402164699707078,22.822599697690894,11.953900836140662
benzene,Cd,905,95,GradientBoosting,evaluated,0.9219882801324321,24.689059115210338,13.382708166033222
benzene,Co,911,89,GradientBoosting,evaluated,0.9842353702008173,14.874343108667277,9.623246203558654
benzene,Mn,940,60,GradientBoosting,evaluated,0.9727496017140687,24.669852728620796,13.354682645304395
benzene,Ni,964,36,GradientBoosting,evaluated,0.9409640479822806,33.424796854312035,15.983559078839777
benzene,La,967,33,GradientBoosting,evaluated,0.9755787937791928,16.025771580594824,11.857204091235838
benzene,Gd,969,31,GradientBoosting,evaluated,0.9916094114925316,10.37325219825064,7.183881536986142
benzene,Ag,971,29,GradientBoosting,evaluated,0.9727773591195112,11.82211724617384,8.835559275950711
benzene,Nd,972,28,GradientBoosting,evaluated,0.9894951479738067,11.238033824812558,7.512789813818982
benzene,Ce,973,27,GradientBoosting,evaluated,0.993009228034758,8.332751481853904,6.353881237200706
benzene,Pr,976,24,GradientBoosting,evaluated,0.9904743042898186,9.926234806031426,6.856382629882582
benzene,Sm,979,21,GradientBoosting,evaluated,0.9863670761917125,11.01353655228673,7.688767163547285
benzene,Er,979,21,GradientBoosting,evaluated,0.8835867636242143,58.606391382268676,24.951711493903325
benzene,Ca,980,20,GradientBoosting,evaluated,0.9797760936435891,12.442615831415493,9.483762615502629
benzene,Fe,981,19,GradientBoosting,evaluated,0.9264883706460385,18.030205782942833,11.893306707026193
benzene,Dy,982,18,GradientBoosting,evaluated,0.9742577405705376,12.613585449488383,8.71575509724535
benzene,Mg,982,18,GradientBoosting,evaluated,0.9060746731454635,38.34642233273734,26.548188411255133
benzene,Tm,988,12,GradientBoosting,evaluated,0.9801972329252602,12.361355110447782,8.647714613524913
benzene,Ba,988,12,GradientBoosting,evaluated,0.977074230793731,17.855908197701126,13.844622077956183
benzene,Y,989,11,GradientBoosting,evaluated,0.9151021949067764,29.8987362729691,27.372739719052028
benzene,U,990,10,GradientBoosting,evaluated,0.411124667623907,33.41377775420964,26.531889672745677
benzene,Al,991,9,GradientBoosting,evaluated,0.53699216266955,126.61724825077536,66.17367556549799
benzene,Yb,991,9,GradientBoosting,evaluated,0.9932629799436845,8.683654984407012,6.360864085092427
benzene,V,992,8,GradientBoosting,evaluated,0.9627498930265641,38.61821183631008,26.121722206856717
benzene,Ho,992,8,GradientBoosting,evaluated,0.9880480239622538,16.584657804815183,8.597559721853235
benzene,K,992,8,GradientBoosting,evaluated,0.9454714119726909,31.990554158289694,26.48805709718427
benzene,Na,992,8,GradientBoosting,evaluated,0.7964843541022053,34.78921814537396,22.550145638207315
benzene,In,992,8,GradientBoosting,evaluated,0.9878448339837143,10.42203271245457,9.62574463617423
benzene,Ru,992,8,GradientBoosting,evaluated,-42.193350395826265,20.34288718990615,19.876834961604704
benzene,Mo,993,7,GradientBoosting,evaluated,0.9119554472545255,22.958319138446186,20.528733918706052
benzene,Sr,993,7,GradientBoosting,evaluated,0.9562990824907301,25.308518809892693,18.57825525197473
benzene,Ga,994,6,GradientBoosting,evaluated,0.9567740945342338,52.964852454661475,28.826453985115748
benzene,Re,995,5,GradientBoosting,evaluated,-6.997185329681502,26.066104259546545,25.290352316213397
benzene,Cr,996,4,GradientBoosting,evaluated,0.9520503462401833,44.12018036814171,33.86172678432325
benzene,W,996,4,GradientBoosting,evaluated,-0.3338718361455879,14.539589172067547,13.404750308378459
benzene,Ti,997,3,GradientBoosting,evaluated,0.9530576783747698,27.384567462771926,17.98361654684334
benzene,Rb,998,2,GradientBoosting,evaluated,0.9985234687074165,6.207169137533229,5.139330141740935
benzene,Li,998,2,GradientBoosting,evaluated,-0.26194174944202353,111.15469937110629,106.03420470218383
benzene,Th,998,2,GradientBoosting,evaluated,0.9838448110477348,13.401985048024077,11.069448255228991
benzene,Lu,998,2,GradientBoosting,evaluated,-105.67110046834026,4.824026974223136,4.561204703956321
benzene,Bi,999,1,GradientBoosting,evaluated,,,
benzene,Sc,999,1,GradientBoosting,evaluated,,,
benzene,Sn,999,1,GradientBoosting,evaluated,,,
benzene,Np,999,1,GradientBoosting,evaluated,,,
toluene,Zn,824,176,XGBoost,evaluated,0.9613175608842424,26.754681326660815,14.980889006878442
toluene,Cu,864,136,XGBoost,evaluated,0.9689663956114177,23.35426303434515,14.119563440608484
toluene,Co,893,107,XGBoost,evaluated,0.9733031290478455,32.16776171854071,12.798326823392959
toluene,Cd,926,74,XGBoost,evaluated,0.958302094902466,40.39660469698352,18.89778235520323
toluene,Mn,927,73,XGBoost,evaluated,0.9924602896528074,12.531229136154208,9.383068533970995
toluene,Ni,958,42,XGBoost,evaluated,0.9888852806069849,17.8641120086944,11.996948304215497
toluene,Fe,970,30,XGBoost,evaluated,0.9709571724910535,22.149741136488224,11.953074350986332
toluene,Ce,973,27,XGBoost,evaluated,0.9954466773662939,8.168924162490288,6.2542270612485575
toluene,Nd,975,25,XGBoost,evaluated,0.9876562440816117,13.472094363140416,8.168001759616406
toluene,Mg,976,24,XGBoost,evaluated,0.942571547174458,58.21621512956823,35.28799215015055
toluene,Gd,977,23,XGBoost,evaluated,0.971505184635511,19.955666500576385,9.51581276585428
toluene,La,977,23,XGBoost,evaluated,0.9958362683409993,7.058521422798736,5.865174365905232
toluene,Ca,977,23,XGBoost,evaluated,0.957863265988033,37.459371442028605,29.74790965596128
toluene,Er,980,20,XGBoost,evaluated,0.9548605845298105,46.83020626255113,17.68090509271486
toluene,Pr,982,18,XGBoost,evaluated,0.9855950560016605,15.663822280655296,10.81300035647244
toluene,Ag,983,17,XGBoost,evaluated,0.9521786281224707,34.526128550795505,25.24872775810661
toluene,Sm,984,16,XGBoost,evaluated,0.996633994580246,6.586739201634302,4.97699631326416
toluene,Dy,984,16,XGBoost,evaluated,0.995520668574333,8.291889507204298,5.247896772596437
toluene,Y,984,16,XGBoost,evaluated,0.9308592408671126,36.02948300720264,31.405769798583982
toluene,Sr,988,12,XGBoost,evaluated,0.9640840277523283,24.920408515172763,18.1819932683024
toluene,Ba,989,11,XGBoost,evaluated,0.6684314127094004,68.72560374840519,45.90746892524857
toluene,Ho,990,10,XGBoost,evaluated,0.9985795235822372,5.73619977391721,4.299664592480471
toluene,Li,991,9,XGBoost,evaluated,0.8554909690674686,61.399267385434555,52.62175332204861
toluene,V,991,9,XGBoost,evaluated,0.9816178342659058,25.468619594431924,18.28194761026474
toluene,Yb,992,8,XGBoost,evaluated,0.9870517401621632,10.132253827406583,7.389346779589847
toluene,Tm,993,7,XGBoost,evaluated,0.9970751847228256,4.892299264513923,3.2553067492466545
toluene,Na,993,7,XGBoost,evaluated,0.9304816763823767,22.177739934508207,19.719127302762278
toluene,Mo,994,6,XGBoost,evaluated,0.8361460210190933,32.39787285311584,30.30557107744141
toluene,U,995,5,XGBoost,evaluated,0.32124550049470035,48.657642470263994,42.62878185785937
toluene,K,996,4,XGBoost,evaluated,0.9647052410193449,36.52310890096964,27.991834858593755
toluene,Ru,996,4,XGBoost,evaluated,-8.119622444320859,13.144318901647203,12.670097945068356
toluene,Al,996,4,XGBoost,evaluated,-0.05192046007071971,110.10792891608878,95.24446717070316
toluene,Lu,996,4,XGBoost,evaluated,0.8298302593047391,4.904539894451278,3.977784791943364
toluene,Ga,997,3,XGBoost,evaluated,-0.2468770348462126,143.4206430871548,124.37755409140625
toluene,Cr,998,2,XGBoost,evaluated,-180.99895414925706,6.66368345549028,4.740970880957036
toluene,Ti,999,1,XGBoost,evaluated,,,
toluene,Hf,999,1,XGBoost,evaluated,,,
toluene,Sn,999,1,XGBoost,evaluated,,,
toluene,Rh,999,1,XGBoost,evaluated,,,
toluene,Pd,999,1,XGBoost,evaluated,,,
toluene,Pu,999,1,XGBoost,evaluated,,,
toluene,Sc,999,1,XGBoost,evaluated,,,
toluene,Np,999,1,XGBoost,evaluated,,,
toluene,In,999,1,XGBoost,evaluated,,,
