adsorbate,dominant_metal,MOF,actual,predicted
benzene,Zn,ABUWOJ,88.9203083296,82.55260446289634
benzene,Zn,ACOLIP,286.259141344,274.79338046098917
benzene,Zn,ACUBAB,123.4769984096,133.6548469881274
benzene,Zn,AHINIP,121.0090496032,124.83482067701162
benzene,Zn,AMILUE,107.0079226832,93.76192303168321
benzene,Zn,APEBED,154.589653328,123.50917719934478
benzene,Zn,ASACON,95.3152533696,76.41677661406615
benzene,Zn,ASALIP,306.668115424,311.41213707222346
benzene,Zn,ATAFIK,98.948915736,80.72694031470171
benzene,Zn,ATOWOW,255.336458256,235.80668049768747
benzene,Zn,AVIMOI,111.4211462144,94.6074458519449
benzene,Zn,AZIXUD,145.3289604096,124.69569796204547
benzene,Zn,BARZAW,72.6278930784,80.33558897836244
benzene,Zn,BARZUR,194.227847968,194.72880089540678
benzene,Zn,BENXUP,223.899561424,201.40431816865407
benzene,Zn,BEPLUF,195.991449808,194.5828293378101
benzene,Zn,BEPMIU,172.2946074784,151.54201134880321
benzene,Zn,BEPNIV,196.765999232,189.47462374723233
benzene,Zn,BEPNUH,149.8994064656,143.91798855513164
benzene,Zn,BEPPIX,176.731707504,168.1190751779593
benzene,Zn,BEPPOD,177.35480752,173.04955883473818
benzene,Zn,BERFIP,233.071576672,215.38715977192888
benzene,Zn,BERGAI,83.2798939808,74.8990753324405
benzene,Zn,BIBBUL,127.9601168384,125.07219909818244
benzene,Zn,BONWAD,180.54611168,166.23546268547474
benzene,Zn,BOWQAG,155.6992730304,179.55626159825823
benzene,Zn,BUKMUQ,295.31375456,256.03964394347884
benzene,Zn,CADPII,120.4627534352,119.00269596388915
benzene,Zn,CAWVIH,89.005637248,85.53766048210986
benzene,Zn,CUYHIO,163.2066632416,163.78828942436238
benzene,Zn,CUYQIX,261.619722496,277.4718894458027
benzene,Zn,CUYRUK,90.2869595056,86.30638764533212
benzene,Zn,CUYVOI,102.7865019808,85.78110422634455
benzene,Zn,DEBGIA,122.4184273488,119.20998871924746
benzene,Zn,DEJCEB,70.6197575776,61.469621292982175
benzene,Zn,DEPXAY,81.5284386576,69.60049684653526
benzene,Zn,DIDDOK,173.4486837072,174.1242959402206
benzene,Zn,DOCKOW,113.9832865248,102.77269589758308
benzene,Zn,DOGZIJ,371.6698172,342.650566446049
benzene,Zn,DUBWON,189.629996864,194.95933395144888
benzene,Zn,ECAHAT,165.1082935568,165.00239481005892
benzene,Zn,ECASAD,282.923836976,267.99761044979925
benzene,Zn,ECIWUJ,442.67103496,455.847726721788
benzene,Zn,ECUTON,154.1103955424,163.93907303302612
benzene,Zn,EDADIX,223.648157392,206.0936143172297
benzene,Zn,EDUSIF,178.77585,166.12473862499652
benzene,Zn,ESEVIH,97.1276383968,90.71729620343152
benzene,Zn,EZUCIM,182.224229968,180.52899817643546
benzene,Zn,FABFOF,391.054196368,356.74825588915616
benzene,Zn,FAFJIH,127.4926022128,127.7224861563213
benzene,Zn,FAQVEA,254.20649408,230.11217273029465
benzene,Zn,FASQUN,94.1828779584,79.87034524790973
benzene,Zn,FECKAA,110.6097459456,129.19665495159555
benzene,Zn,FECWOB,271.255682368,269.4906843778681
benzene,Zn,FEFCUQ,179.36990984,183.04365095624502
benzene,Zn,FEFDAX,178.452847584,183.04365095624502
benzene,Zn,FEFDEB,380.142440128,342.6593824723722
benzene,Zn,FERHAN,116.9422849584,104.40872899634907
benzene,Zn,FIJCUX,82.365861952,79.51643364449257
benzene,Zn,FIPWOS,474.6585096,446.86667198925676
benzene,Zn,FUNBAS,163.613807632,171.7388312324441
benzene,Zn,FUNCAT,149.43474964,142.40024547953325
benzene,Zn,FUNCEX,254.909875616,258.0571482407672
benzene,Zn,FUWXOL,258.060014256,258.6759282026679
benzene,Zn,GACPUX,132.1643433616,128.1295422616966
benzene,Zn,GADMAA,105.7860800304,107.09612590159126
benzene,Zn,GALCAZ,92.5210656128,100.97878432808697
benzene,Zn,GAXWEJ,172.8327010256,187.07852956073407
benzene,Zn,GEDLIM,146.5754630912,155.50497342917777
benzene,Zn,GERNOI,83.0442508544,76.95412080242448
benzene,Zn,GIDKOU,73.3389548672,62.876051889691524
benzene,Zn,GINLIA,159.1195463968,145.458353739892
benzene,Zn,GITWIQ,95.2611654368,81.86057974735635
benzene,Zn,GIZJOP,86.424914048,77.94949816053465
benzene,Zn,GOGWAB,395.482476928,364.90474656195704
benzene,Zn,GULPIN,149.7800491792,138.0545679553414
benzene,Zn,HAXJEX,130.9171766144,123.57324638905492
benzene,Zn,HEBTEP,246.03646584,264.0228809408284
benzene,Zn,HEDCEA,86.2921929408,83.81848406689622
benzene,Zn,HEGJUZ,64.384446456,67.02702191258155
benzene,Zn,HELCUY,128.0965319392,121.41164280697568
benzene,Zn,HELDEJ,197.85100632,201.25365164035355
benzene,Zn,HENYUV,299.640186032,261.6508260234624
benzene,Zn,HEZKIH,126.8356197152,121.17113396251727
benzene,Zn,HIDMEO,237.406610672,236.7019453676726
benzene,Zn,HIFGIO,299.98927552,286.8867823036756
benzene,Zn,HIFTOG,178.777082,91.72663217542657
benzene,Zn,HIFWAV,69.2155056384,69.32215761580267
benzene,Zn,HIMSAY,218.426856736,225.1675284330325
benzene,Zn,HIWXER,199.108890816,189.08871637711553
benzene,Zn,HOWPUF,129.6937918496,121.79083006940544
benzene,Zn,HUTTIA,61.6178703184,60.90895709747416
benzene,Zn,IBICAZ,148.986443936,134.96428034006175
benzene,Zn,IBICED,130.250037896,138.39082462591233
benzene,Zn,IBOTAU,267.703483168,254.548392386465
benzene,Zn,IFENOY,186.65871664,191.39163729763564
benzene,Zn,IFEQAN,189.06164464,186.88183426664457
benzene,Zn,IJANAJ,300.482580816,307.40743440122833
benzene,Zn,IJANEN,151.6316903728,133.90334185588046
benzene,Zn,IJEXUR,194.361270048,193.79034151418807
benzene,Zn,ILOJEZ,138.2939472816,135.5126676554889
benzene,Zn,ISIMAZ,155.8196773056,160.5783881333709
benzene,Zn,JASNEX,386.827374032,325.8170400290545
benzene,Zn,JIVFUQ,414.711417648,353.18566576562256
benzene,Zn,KAFYAT,134.6660179744,127.4581173781367
benzene,Zn,KEDQAN,94.3033445024,85.1759599291647
benzene,Zn,KEFBEE,193.146073648,190.07115590020769
benzene,Zn,KENJEU,65.8411973472,68.15709940250778
benzene,Zn,KEXKAB,139.0631803088,126.18133230720241
benzene,Zn,KEXKEF,256.842654992,250.1388212052817
benzene,Zn,KIDDOS,77.8036892864,67.02702191258155
benzene,Zn,KIGCEK,165.9333847072,148.58889899708933
benzene,Zn,KOMGUP,191.610173216,192.69457718573173
benzene,Zn,KUNWEW,110.6647657808,117.08150840812554
benzene,Zn,LABGAY,76.1691967168,66.88025912107614
benzene,Zn,LACJAC,179.63333344,181.023353170607
benzene,Zn,LADHEF,134.7411671232,136.60859414956332
benzene,Zn,LAWGEW,177.60721,166.12473862499652
benzene,Zn,LAZJAZ,293.502027632,286.5974882789805
benzene,Zn,LEGGEK,317.882387328,312.0970888774798
benzene,Zn,LEGGOU,62.1254686448,65.83290548023349
benzene,Zn,LIHRIE,317.353278176,294.8453175530724
benzene,Zn,LIKFOB,720.399325888,724.32285776378
benzene,Zn,LIWXIZ,189.112668096,190.2198772572437
benzene,Zn,LOLQIM,321.668534,295.3319852999423
benzene,Zn,LUPTAS,110.1312143184,99.71018343659438
benzene,Zn,MAFZOK,324.246080576,296.99793122535743
benzene,Zn,MAKXAZ,171.888912976,183.0269806476232
benzene,Zn,MATTOR,222.479517392,204.27263132716274
benzene,Zn,MATTUX,191.231287104,187.10841066344466
benzene,Zn,MATVIN,265.874556288,257.186958839138
benzene,Zn,MAZSUD,415.101859216,386.53301011157146
benzene,Zn,MEFYUT,155.6380804704,148.4908161275553
benzene,Zn,MEJQEZ,212.751686928,207.32037472280342
benzene,Zn,MIDRAT,141.7244246352,142.06075287221466
benzene,Zn,MIFKUJ,237.727325792,248.69815906652659
benzene,Zn,MIMVEJ,221.040159472,236.46676301670595
benzene,Zn,MOGVAG,182.115275408,185.83108206756367
benzene,Zn,MULQOA,131.1904561792,128.45821029637807
benzene,Zn,MUVGOA,108.2324924032,121.54392109224663
benzene,Zn,MUVGUG,217.256984736,218.75030229046794
benzene,Zn,MUZHUL,434.555072864,394.0328809606806
benzene,Zn,NAKLIW,86.3683083296,81.97342282474689
benzene,Zn,NAQLAT,78.2638029712,69.91380523347736
benzene,Zn,NEHZIK,100.317469296,112.85142605497867
benzene,Zn,NISCOJ,137.1673972944,143.70572302959567
benzene,Cu,ADABIS,251.762262928,247.53959178046222
benzene,Cu,AFOYOK,187.473577984,208.85851817993213
benzene,Cu,AGESIP,307.874236208,315.30340990790836
benzene,Cu,AJAYIT,106.4837482192,99.45691006240433
benzene,Cu,ALAMUW,138.9644825008,132.12402113114769
benzene,Cu,ALIXUP,123.3437178512,125.09290510035297
benzene,Cu,AMAFOK,304.46795368,285.4404623293857
benzene,Cu,AMUXAI,150.5122647952,135.2748717710394
benzene,Cu,ANOMUM,200.24791512,186.20088880730566
benzene,Cu,ANUGIA,160.04035432,155.32762575415524
benzene,Cu,AQUCOF,146.615214856,146.32499829927278
benzene,Cu,AVELOD,111.9740009872,124.32355387808576
benzene,Cu,AVUDAX,101.8649344592,105.61468660775897
benzene,Cu,BACMOH,279.586214864,249.94845029521372
benzene,Cu,BAHGUN,455.149647744,389.5258746665787
benzene,Cu,BEPVEZ,252.321305104,256.58310801779777
benzene,Cu,BIFKEI,163.9510161872,174.5478872948134
benzene,Cu,BIMDEF,312.8974728,311.668644992773
benzene,Cu,BUSGIG,120.3868001776,124.1935332382388
benzene,Cu,BUSGOM,123.1200052544,129.56217410962643
benzene,Cu,CAHLEE,55.8268018176,63.21746421977427
benzene,Cu,CAYDEN,250.120749648,231.50168052460106
benzene,Cu,CAZGIT,55.0215853968,60.87218992904305
benzene,Cu,CENKAJ,84.5874188192,85.90697113661791
benzene,Cu,CETVAA,222.169399408,224.36258306274775
benzene,Cu,CIDKUX,135.9050276144,128.6937360304365
benzene,Cu,CILDAD,124.5476524864,132.98434320110624
benzene,Cu,CIVTEH,144.7678277408,154.69975307009642
benzene,Cu,COYCID,84.0503797584,76.76542474667598
benzene,Cu,CUGLTM,336.197700784,325.22743560182926
benzene,Cu,CUNFOH,105.1269764336,118.86673571554864
benzene,Cu,DEFKUU,285.833826608,274.69643616305837
benzene,Cu,DEJCIF,307.4210304,310.6379409364026
benzene,Cu,DEQFOU,197.666418224,205.211309332957
benzene,Cu,DIBXAP,226.211833408,211.9640074667517
benzene,Cu,DIBXOD,227.065216576,213.90109641271573
benzene,Cu,DOKHOB,144.211784464,130.9391466542195
benzene,Cu,DOLXOR,296.938160112,434.42235772416245
benzene,Cu,EBIPIQ,237.357606464,238.5060047492513
benzene,Cu,ECASOS,176.080848416,194.16175207389992
benzene,Cu,ECODIK,173.46555072,185.040273025207
benzene,Cu,EDOMAM,180.24305112,187.24196694895846
benzene,Cu,EWUCOP,232.646468736,219.73028598181614
benzene,Cu,EXOZEX,314.30957536,303.75399667483913
benzene,Cu,FALQEQ,193.399596016,199.39734607837482
benzene,Cu,FALVOF,66.7870878224,64.72974907030387
benzene,Cu,FATLUJ,191.258724624,188.79963226391362
benzene,Cu,FEVNOK,255.054635264,247.42589674378777
benzene,Cu,FIBHIJ,243.899177104,263.3188469820154
benzene,Cu,FIGQUJ,234.587710896,230.31984340310615
benzene,Cu,FUYYAA,235.990862976,250.4356938908702
benzene,Cu,GAWBEM,290.461854672,306.80844636190875
benzene,Cu,GAWMAU,95.8986597712,139.4041632195194
benzene,Cu,GAYGAQ,702.39926856,658.0899889784614
benzene,Cu,GERPUP,107.3756267936,106.68110235668176
benzene,Cu,GERWEH,147.3383910416,151.71338099313195
benzene,Cu,GEWXAJ,145.4771228768,152.7293804362272
benzene,Cu,GIKMOD,178.189709632,182.3793470955275
benzene,Cu,GIYSEN,148.5678777792,149.02530340438557
benzene,Cu,GOKBUE,248.166842704,263.4089697021144
benzene,Cu,GUJTOV,118.153566344,127.24163315357661
benzene,Cu,GUPBEZ,35.2011968,46.68062153943562
benzene,Cu,HAJJAE,255.055867264,248.51300860557978
benzene,Cu,HAKCIG,96.9824839456,94.69684719301047
benzene,Cu,HAMREU,109.622970336,107.21189008655755
benzene,Cu,HAMRIY,105.474798528,102.78335239933094
benzene,Cu,HEDCIE,96.0876761856,94.07565204291186
benzene,Cu,HOGTOM,112.1705857712,98.72393451607674
benzene,Cu,HOJLEY,209.886600176,209.40634445581674
benzene,Cu,IBARUA,105.1016202192,98.04542266711879
benzene,Cu,IBASEL,109.833678504,104.75121741172732
benzene,Cu,IBITUK,189.356987776,186.56689866689337
benzene,Cu,IBOZIK,161.8360465216,162.2621278584391
benzene,Cu,IBUDOZ,327.940446064,328.2256190937681
benzene,Cu,ICAGOK,90.31030844,117.64729131600849
benzene,Cu,IDUDES,225.752553136,225.9509584765754
benzene,Cu,IDUDIW,225.024219024,212.80992036942294
benzene,Cu,IKEBUV,417.547379568,367.1385616081917
benzene,Cu,IKETOH,116.3286879392,114.34824344540502
benzene,Cu,ILOJOJ,138.793820264,137.0165514678357
benzene,Cu,IPOWOA,139.5858321792,129.78486406246756
benzene,Cu,IVEHEW,259.037209728,249.97326701183965
benzene,Cu,IVETOT,101.9876813824,98.05613166423149
benzene,Cu,IXAKAU,115.4681406032,117.40886455882122
benzene,Cu,IXISAJ,140.3785438352,168.3156813041142
benzene,Cu,IXISOX,118.5722464608,148.63260108188297
benzene,Cu,IZUMUM,136.5546370144,155.11599392487554
benzene,Cu,JEBCOJ,110.273278104,103.89284223013138
benzene,Cu,JILXOS,90.7563239616,100.68750427513656
benzene,Cu,JOCPIB,121.3262163696,104.13549675282695
benzene,Cu,JOGBIR,165.4891105296,208.38146576756986
benzene,Cu,KAHNOX,292.678960112,434.42235772416245
benzene,Cu,KAVTUY,128.8669609568,134.32947088422813
benzene,Cu,KILJEV,310.53510576,327.6562416431292
benzene,Cu,KIQKOK,116.3801291488,126.20218882288786
benzene,Cu,KOFPEB,108.663806504,104.65093938630856
benzene,Cu,KUDLUR,104.6973141984,101.36523077816119
benzene,Cu,KUXLUL,176.557049504,177.77563021099846
benzene,Cu,LABJUV,101.8177693984,130.39058698271805
benzene,Cu,LAGHIL,296.774431888,319.92829338936707
benzene,Cu,LEDLEN,106.6050955904,105.73272216015236
benzene,Cu,LUSZIJ,177.019837632,182.28089638564592
benzene,Cu,LUYHAP,181.86673296,181.38196550014354
benzene,Cu,MABJUV,251.959338752,252.16055902153784
benzene,Cu,MABKEG,239.553124272,235.99488457327166
benzene,Cu,MADVUJ,147.587891968,163.69136639713182
benzene,Cu,MADWAQ,164.3572225856,178.75054218826403
benzene,Cu,MAJHOW,87.9742852912,95.05923245086626
benzene,Cu,MASZUD,75.5097794704,76.27765301283148
benzene,Cu,MEHPAQ,328.365700784,324.2720761097139
benzene,Cu,MIZKOW,127.6637081456,127.11890710223317
benzene,Cu,MOCKAR,190.252177456,183.38690499758513
benzene,Cu,MOCKEV,189.46784824,179.78807818486735
benzene,Cu,MOXNUJ,239.53294288,250.30673648903857
benzene,Cu,MOYYEF,225.315753344,226.99368866190207
benzene,Cu,MOYYIJ,149.9465022704,147.70624010266863
benzene,Cu,MURCAD,264.698186544,254.69243092034725
benzene,Cu,MURCOR,103.8319595808,100.26110569536458
benzene,Cu,NACVUI,275.362212224,298.63481695747356
benzene,Cu,NEJSAY,111.5238577552,114.8614291612504
benzene,Cu,NEJSOM,214.665740256,211.51586294396685
benzene,Cu,NELWIL,253.885995264,253.11847386594724
benzene,Cu,NERTAH,65.040643096,75.07565201043141
benzene,Cu,NEVPUA,61.8592645264,66.85761345021838
benzene,Cu,NEVQAH,57.1945779504,59.806979517862985
benzene,Cu,NIJZOV,105.4120069728,106.52349915505452
benzene,Cd,ACUTOI,80.7668172256,68.3138521559073
benzene,Cd,AMIKOX,134.18672652,135.5001156858972
benzene,Cd,AROFAP,118.1625289504,101.15794131082447
benzene,Cd,AROFET,172.8437934256,152.60328593582736
benzene,Cd,ASADAA,114.768836248,112.80916705568221
benzene,Cd,AVAQIX,105.0970369856,99.21764862204711
benzene,Cd,AVESAW,105.1314730224,92.58952915663589
benzene,Cd,AWAGEL,132.347504344,141.35820639467386
benzene,Cd,AWEJIW,138.8974953872,139.17136597399252
benzene,Cd,AXUHIL,64.5435275936,52.493998575046106
benzene,Cd,BONNIC,286.073559552,317.05289498294394
benzene,Cd,CIJVOH,181.546066064,204.64657611181485
benzene,Cd,COMGUH,122.2769774336,118.39476870032354
benzene,Cd,COWXOC,72.212658672,75.27562587367635
benzene,Cd,COXQUB,185.706001008,217.0029453251341
benzene,Cd,CUNWEO,113.219815632,115.62165147445823
benzene,Cd,CUYYAX,183.732802,194.30952631783592
benzene,Cd,DAGDIZ,96.989173336,83.71669477940198
benzene,Cd,DAGDUL,83.036577624,77.85033022148762
benzene,Cd,DAWDAI,117.809198056,117.64489402507083
benzene,Cd,DEYLUQ,86.1296717952,88.47147468728915
benzene,Cd,EBATUY,203.569203728,213.8421408015723
benzene,Cd,EBEMII,145.2017311008,161.87523054896224
benzene,Cd,ECODEG,92.4250369856,98.25863421579044
benzene,Cd,EJEFOP,153.7784089424,161.23563285660006
benzene,Cd,EKOPUQ,120.262549264,120.54903111649872
benzene,Cd,EMICUZ,153.7852323392,163.67102134944977
benzene,Cd,EMOSOP,103.0066535696,105.79847137950335
benzene,Cd,EQIWAD,208.321914064,199.41981881116172
benzene,Cd,EXOTUH,122.3225646896,126.03191954864846
benzene,Cd,EZABEN,212.434507296,226.79440849387223
benzene,Cd,FAKLOU,328.45462848,340.52751341292003
benzene,Cd,FIHXUR,114.6666219248,128.62141643594907
benzene,Cd,FIKTOK,125.498458712,121.0557217255707
benzene,Cd,FOHCIP,126.3212660864,127.61580282319873
benzene,Cd,GAXKOH,88.121133584,104.35987808159452
benzene,Cd,GAYFUJ,187.623191888,209.59352192546314
benzene,Cd,GEVKID,121.9067631584,115.45845737278161
benzene,Cd,GIKQIC,154.12418208,168.30259797064392
benzene,Cd,GIMSIG,243.46147848,273.28191666060656
benzene,Cd,GIYSUD,299.076751248,292.28024334088565
benzene,Cd,GIYTAK,290.853607968,287.2554121139152
benzene,Cd,GUJVIR,259.645714768,333.8112421951875
benzene,Cd,GULWOA,101.4331476048,90.7617444208889
benzene,Cd,GURZID,181.096467376,167.31519583117458
benzene,Cd,HAZNON,131.5970515376,132.94913620144297
benzene,Cd,HEBKEG,200.581645968,210.42883962313672
benzene,Cd,HEKTAU,148.1515360512,162.8484737425774
benzene,Cd,HICVUM,105.0532823824,113.41835099236862
benzene,Cd,HIDBON,169.6818018544,166.4792185912076
benzene,Cd,HIZQEN,497.124789216,587.0351457943193
benzene,Cd,HOWPOZ,99.170048824,109.96258853362141
benzene,Cd,HOWQAM,96.9478555584,95.4739556361661
benzene,Cd,HUHJAW,347.035817744,353.1144005972014
benzene,Cd,ICEGED,282.512013696,283.11332868913314
benzene,Cd,ISACIP,131.9019414768,152.76111336791655
benzene,Cd,ITIBET,103.6636162496,103.40081500805479
benzene,Cd,ITIBOD,93.1968261664,89.64159839609698
benzene,Cd,ITIWIS,71.9647399856,87.72662928149754
benzene,Cd,IVARUT,231.343151776,237.31516830491736
benzene,Cd,IXEQIL,96.705420152,85.17747816467417
benzene,Cd,IZEBEV,145.316880544,138.65484349864175
benzene,Cd,IZEHAX,187.315110048,188.45136376407828
benzene,Cd,KASRAZ,96.9601316816,92.7205854362684
benzene,Cd,KATDAM,78.1024735744,87.09353291698089
benzene,Cd,KAXZUG,117.8033959696,121.47594702903
benzene,Cd,KEJHIQ,99.0778369856,101.10034851928111
benzene,Cd,KETHEY,193.438151104,204.8571175639135
benzene,Cd,KIDDIM,66.8834395152,58.67001155091834
benzene,Cd,KONYOB,316.847928848,391.2668588612559
benzene,Cd,KUQXIE,287.83018968,282.51894652518524
benzene,Cd,LARZEL,123.4126185952,118.98296085197458
benzene,Cd,LAZKUU,94.0810895024,98.56522985263395
benzene,Cd,LAZLEF,94.842111232,105.57656911067733
benzene,Cd,LEDCAA,52.2696707104,55.30342899822367
benzene,Cd,LEJBUX,213.231056368,293.33615840843333
benzene,Cd,LIHSIF,98.5979829472,100.060309585084
benzene,Cd,LIJXEI,70.8514296512,73.06952616387449
benzene,Cd,LUMDEC,88.0259870512,81.88935958922667
benzene,Cd,LUWYUY,147.633354,153.57181101110734
benzene,Cd,MAKSUO,88.72219488,102.56956028720278
benzene,Cd,MEKDUC,145.7156888528,139.1941793580405
benzene,Cd,MICNES,175.994841616,160.24079864111317
benzene,Cd,MODNOI,55.276392512,50.95522536356227
benzene,Cd,MOQSIV,115.6371128352,129.57437168798106
benzene,Cd,MUDLIH,48.775662144,58.64642968012534
benzene,Cd,MUJRIT,74.7332420032,74.94191521439109
benzene,Cd,MUPYIG,494.142646448,481.18008293477106
benzene,Cd,MUPYUS,180.5642476,192.92892251739352
benzene,Cd,MUTVUT,116.2287323296,120.96419648049464
benzene,Cd,NABNUA,82.1102980896,98.3424249666161
benzene,Cd,NAPZOV,235.591101504,260.4540094509865
benzene,Cd,NEVJEF,56.8172416064,55.61995539739498
benzene,Cd,NIFTIH,86.668108208,100.44532559630137
benzene,Cd,NINHOH,416.863299776,560.1400864663098
benzene,Co,ABAVIJ,228.330886608,229.43254713617682
benzene,Co,ABIYIV,73.7903525744,80.50277220528743
benzene,Co,ADAXEK,434.893126272,361.92588412514993
benzene,Co,ADIQEL,388.470255008,364.01747765762946
benzene,Co,AFIXAO,72.9064107728,73.94628172809983
benzene,Co,BAKJEE,123.2192720352,121.4370633225193
benzene,Co,BAKJII,237.638544,219.56761298821226
benzene,Co,BANMAG,118.0180983344,104.57227001138996
benzene,Co,BASJUB,108.8664648896,99.40919030487457
benzene,Co,BEPRIZ,128.8013387408,125.14720196945187
benzene,Co,BEYSEF,126.4017504112,128.79661116019167
benzene,Co,BIHMUC,220.77588544,216.64169205555066
benzene,Co,BURJOO,138.591783616,146.34854762140117
benzene,Co,CAXPIC,214.153479232,211.0536540641455
benzene,Co,CAZFOA,305.852618544,349.24799777007735
benzene,Co,CEKHIL,223.948212928,217.07032473192322
benzene,Co,CEYPUT,450.50177304,427.09432033981625
benzene,Co,CIFMEL,187.912232816,187.95879617680322
benzene,Co,CITZIP,252.207078464,246.52041911184412
benzene,Co,COJHIT,256.403653264,261.6791022778235
benzene,Co,CUKVUA,203.27943944,198.12806229098118
benzene,Co,CUVTUJ,300.585809568,278.6084779897485
benzene,Co,DAJHUS,195.613607024,184.3777802569073
benzene,Co,DAWBIO,250.510178688,239.95866274367245
benzene,Co,DAWBUA,251.365917968,239.57319822254155
benzene,Co,DAWWEF,113.5075645616,101.45547978557367
benzene,Co,DEJRUH,210.227749776,193.1877747576877
benzene,Co,DEYXIQ,135.629895192,131.13917783817914
benzene,Co,DIBXAO,119.2764289728,135.607760284106
benzene,Co,DIDBEZ,82.4601171504,84.41922841514608
benzene,Co,DIXKOL,260.937500384,247.65422644718416
benzene,Co,DIZQOT,64.494136432,63.87407732423012
benzene,Co,ECOLEP,169.101014192,190.6436888478848
benzene,Co,ECOROD,430.06052232,381.6884566105033
benzene,Co,EDAFUM,154.0603074912,162.64892537799952
benzene,Co,EGATOW,92.0844983696,87.93597832875449
benzene,Co,EJONOH,381.332553184,358.0132284429053
benzene,Co,EQOCES,356.108693776,360.18604702990666
benzene,Co,ESEQUO,348.46390304,338.5423250457477
benzene,Co,FAZPED,104.5483991552,101.88344044483308
benzene,Co,FEFZOF,140.0134193216,147.55228039725114
benzene,Co,FEXCES,152.936901392,148.5592277985792
benzene,Co,FEYJOJ,155.038656256,151.2927884046607
benzene,Co,FIHFAF,227.927220048,218.6454364116496
benzene,Co,FIQYUA,154.0615394912,158.2230774423169
benzene,Co,FOHQUO,187.705493712,174.89921817223095
benzene,Co,GAZLAW,105.1718134368,94.14136985518158
benzene,Co,GETXAG,162.0920503664,179.967350718679
benzene,Co,GIRDUI,200.499706,193.75526843635302
benzene,Co,GIRGUL,208.390270704,205.24212051531188
benzene,Co,GIZVER,136.4944525296,136.48834356567033
benzene,Co,GUBVUU,193.731221904,194.34327562567285
benzene,Co,GUXPOF,184.373853664,187.0164059656892
benzene,Co,HABZEQ,226.665249008,216.6184282019134
benzene,Co,HEBJAB,205.399679584,208.25597490145825
benzene,Co,HGCNCO,140.0146513216,142.1356348231619
benzene,Co,HURGEH,86.429247256,84.24723490163898
benzene,Co,HURNOX,336.976774992,342.74709698779554
benzene,Co,IGAHED,749.354138368,717.2568101464466
benzene,Co,ILOTOT,186.804472272,175.8403071456535
benzene,Co,ILUHUT,97.5645153648,87.88028749292258
benzene,Co,ILUJEF,96.34321092,100.07122237505905
benzene,Co,IQIJIC,87.4562618336,84.24336977224597
benzene,Co,ISIKIF,139.0184804096,137.03255632309967
benzene,Co,ISIKOL,158.0601965712,156.43710825427513
benzene,Co,IWELIG,137.1864733008,124.31655157258216
benzene,Co,IXUWII,114.0111469728,115.78228946660353
benzene,Co,IXUWOO,118.9079360304,121.26021144971946
benzene,Co,JEJKEP,130.8761146,132.10079865258817
benzene,Co,KIFWUT,113.131627136,122.70917232694227
benzene,Co,KINLAW,97.1196226176,99.88420777095389
benzene,Co,KIPZEQ,224.854260928,226.51830282104837
benzene,Co,LASWEJ,201.10871176,199.19683839543958
benzene,Co,LASWIN,261.268144896,248.967801223366
benzene,Co,LECGEH,373.310691776,345.9644069321085
benzene,Co,LERNAY,184.318575056,184.7369238615308
benzene,Co,LEVYOC,123.6156914256,124.50352927593306
benzene,Co,LUKRIS,122.4501597264,129.53858904866414
benzene,Co,LULJAE,689.384966688,714.1422821751629
benzene,Co,LUQGAG,127.752479272,128.20752899324566
benzene,Co,MAQZOV,137.1195306448,129.18213501092438
benzene,Co,MOSDUT,95.2388657968,96.26011852670958
benzene,Co,MOYMET,114.7679019696,116.81513155847296
benzene,Co,NAGQET,181.128216896,199.53840756325332
benzene,Co,NEDWEA,187.789292768,181.14985125395143
benzene,Co,NEKBEL,121.7516181552,138.12815554290478
benzene,Co,NERVEL,219.240659792,218.4706987075141
benzene,Co,NEVVAM,253.105500384,246.52041911184412
benzene,Co,NEVVEQ,323.0392132,307.8699895130803
benzene,Mn,AQETUM,175.9410300384,176.50741285336326
benzene,Mn,ATIBAG,166.7188644704,150.6872652232939
benzene,Mn,ATIBIO,168.9457258016,153.90414838967013
benzene,Mn,AVIMUO,114.735831496,99.01443497518987
benzene,Mn,BAZJIX,110.1299571504,101.39211533214618
benzene,Mn,BEXSAA,170.5218917952,159.7544257274437
benzene,Mn,BOHGOU,810.190326528,715.8210888188403
benzene,Mn,CEFLEF,90.1462731664,99.45190970101426
benzene,Mn,CIFDOM,167.5044936048,165.5829207377454
benzene,Mn,CODFEH,364.6238112,319.741832844475
benzene,Mn,COXXIX,163.2771230464,181.463661270784
benzene,Mn,CUVGIK,755.073018832,765.0229605078632
benzene,Mn,CUVGOQ,705.55205688,764.9427245782246
benzene,Mn,CUVXAT,88.0362778416,81.55814710382735
benzene,Mn,DAWCOV,157.74321596,147.20816013861932
benzene,Mn,DAWWIJ,115.5231040304,105.97749240021494
benzene,Mn,DEKHEH,300.971288112,292.1646428124881
benzene,Mn,DEKHUX,349.35851016,354.0246895862028
benzene,Mn,DEPXIG,111.3963547488,111.23231986698895
benzene,Mn,DEQVIF,164.8244155712,151.54685092486267
benzene,Mn,DEZKAW,136.082516768,135.23619163842375
benzene,Mn,DEZKEA,71.561258384,72.72206583961442
benzene,Mn,DOQRUW,207.340806992,202.39330762382914
benzene,Mn,DUXMAL,97.380294616,100.17970003129025
benzene,Mn,EHUCOA,131.2531292512,140.7351326505714
benzene,Mn,ESUMOU,367.6404512,360.0756199083823
benzene,Mn,FAKLIO,380.655051216,379.74697737339375
benzene,Mn,FAKMAH,190.515845696,178.520053022812
benzene,Mn,FIJDIM,209.40437672,202.9158197402316
benzene,Mn,FONQIJ,194.276186544,188.46521671792766
benzene,Mn,FUTCAZ,195.250113872,199.46121532405883
benzene,Mn,FUWYAY,224.093136608,236.11601654889927
benzene,Mn,GAXGOD,106.5439450064,118.90213605182694
benzene,Mn,GELVEZ,410.954822256,287.1758048169258
benzene,Mn,GUPJEG,462.686980096,420.9353939686168
benzene,Mn,HIBGIJ,158.2967364704,153.79791382840938
benzene,Mn,HIWKEE,120.6407660656,132.11408186762282
benzene,Mn,HIWKII,263.019378336,275.4508654161721
benzene,Mn,ICIZOL,131.6002815776,131.49504789491
benzene,Mn,IDAGOL,167.4344619552,180.29115209871247
benzene,Mn,IDAGUR,179.17333192,201.44246161671225
benzene,Mn,IFEHUY,136.6089354256,136.91720613115248
benzene,Mn,IQIPAZ,144.9487274752,135.116594847227
benzene,Mn,JAHNEM,204.130609584,215.22089384765877
benzene,Mn,JIXWUJ,160.6996644704,150.6872652232939
benzene,Mn,KAWBOB,161.1604966752,147.42850738600066
benzene,Mn,KESGAS,145.8569339568,136.6709085471577
benzene,Mn,LIXWAR,169.3524936048,173.42347879430386
benzene,Mn,LUFNAC,210.420806992,213.4889089543158
benzene,Mn,LUFNEG,104.8144035312,99.99553573762341
benzene,Mn,LUSHIR,218.537552288,217.20530223450936
benzene,Mn,LUSHOX,155.9778786016,162.2634545718308
benzene,Mn,MAHTAR,208.23450472,205.80786553121905
benzene,Mn,MAJHUC,143.076576192,150.34180567308044
benzene,Mn,MEGBAD,97.816481224,104.4185245539728
benzene,Mn,MICDEJ,144.1937136992,137.72250096886168
benzene,Mn,MIHBAG,193.981474368,174.22103848364364
benzene,Mn,MOJJUR,124.7514909872,134.14921231942276
benzene,Mn,MUVJIX,142.5971297872,142.17985559015784
benzene,Mn,NEDWAW,196.869524368,189.7727841278445
benzene,Ni,AGUWUV,383.096391216,371.77291339934953
benzene,Ni,ALIXOJ,146.1579726288,142.23298998227537
benzene,Ni,BAKGIF,369.352036944,353.04230213306
benzene,Ni,BEXPAX,287.24121184,270.9511605688895
benzene,Ni,BIBXUH,148.2341841728,154.33012604582964
benzene,Ni,CAXXEG,69.8607116768,74.46300939000069
benzene,Ni,CEHWIX,313.522702944,286.29249021162485
benzene,Ni,DAWBOU,250.717357968,244.25085932943594
benzene,Ni,DAWCAH,251.574556816,244.58950609098918
benzene,Ni,DODHUA,256.023038304,238.14252617166065
benzene,Ni,EBELUU,318.29627896,332.7314512163633
benzene,Ni,EBEMEF,598.147288464,581.2074137035548
benzene,Ni,ECEZAO,497.085953408,475.06222347662424
benzene,Ni,FAKGOP,136.74407516,135.28622626377538
benzene,Ni,FEVDIV,113.1071735904,118.5436300524716
benzene,Ni,FIHRIZ,159.9917491744,159.14244701015377
benzene,Ni,GAXQIH,141.679344664,158.35074311680643
benzene,Ni,GEDDEA,58.9830859376,66.3722717467366
benzene,Ni,GELVID,202.26718336,385.5048385745436
benzene,Ni,GESFAN,225.114250592,243.12086443048375
benzene,Ni,HEDTER,97.7399399856,106.96346821570509
benzene,Ni,HIFTUM,138.4811080048,159.07816105641487
benzene,Ni,HOGSIG,261.668989296,257.3989703004211
benzene,Ni,HURGUX,151.5314835056,153.13446156122143
benzene,Ni,INESIE,113.2386808784,118.27263369362112
benzene,Ni,INIQUR,141.1645027408,169.83720019222497
benzene,Ni,INIRAY,140.3088099072,160.275766969834
benzene,Ni,JEMNAR,259.200833056,249.302680076214
benzene,Ni,KALGAH,169.0687897712,155.4693544232435
benzene,Ni,KAVLID,148.5748997392,150.0159220558985
benzene,Ni,KIFXOO,144.8462959152,138.38530451413203
benzene,Ni,KINQAB,227.26860288,255.93477054199334
benzene,Ni,KIYMIP,150.8249676912,148.5624306370256
benzene,Ni,LOBHAM,143.0925957472,151.71432294661142
benzene,Ni,LULHUW,690.217688688,699.0141356120677
benzene,Ni,NEDWIE,187.882480544,190.62094268943332
benzene,La,ACAKUM,130.5762263344,135.9502284993214
benzene,La,AFOVAT,276.915490016,285.7609599059204
benzene,La,AGARUW,108.0818882704,110.28353939782703
benzene,La,AHUTIH,209.26694888,191.69740594891556
benzene,La,ANENEN,228.465151376,212.4752869315071
benzene,La,ANENIR,226.361100592,219.13224290208115
benzene,La,BETGAK,161.7174172592,153.6528031902069
benzene,La,CAVSUP,225.193186768,210.50601025681496
benzene,La,COYTEQ,144.083607624,150.0634219807086
benzene,La,CUMDIY,342.04888432,328.82852679127774
benzene,La,DOQGUM,199.973974992,193.1216130914097
benzene,La,DOTWAL,199.924034112,200.93956402001916
benzene,La,DUQSEO,341.202367264,369.1616646756099
benzene,La,ETEJIX,320.538644096,319.8533482082093
benzene,La,EVUQOC,303.519383904,310.26743047172755
benzene,La,FEWGUL,111.281265832,135.49900054629657
benzene,La,FIMXUW,100.0585821136,110.76871791885632
benzene,La,GAMTAQ,354.315193408,356.18543786424283
benzene,La,GUWDUY,216.452192528,229.0014476780411
benzene,La,ICOWON,387.21607672,440.48295318745625
benzene,La,ICOYIK,127.6235336288,134.02818277726823
benzene,La,ILIFOY,311.434066768,311.33187776533845
benzene,La,JOSNAG,389.61900472,413.7681329114263
benzene,La,KAPGUE,450.269162288,432.88253793527167
benzene,La,KEVWUF,112.1684379728,118.7313972689854
benzene,La,KIDVIE,217.284871936,231.8529571433307
benzene,La,LAZPIN,67.9040690592,67.40826493220592
benzene,La,LELRUR,76.346390472,104.46709122729983
benzene,La,LESWAI,145.9121163632,150.47831615541384
benzene,La,MEJZEI,96.6707357264,97.23322792009867
benzene,La,MIJYEK,128.3449415072,149.1190378496094
benzene,La,MULXOH,173.4613390576,184.958033047773
benzene,La,NISBEX,115.7660586368,126.82804226558845
benzene,Gd,ABEYIR,95.2421886416,93.36048827707288
benzene,Gd,ADEGIA,342.254112112,340.44665555921245
benzene,Gd,AFOVIB,267.161846336,280.2548678633825
benzene,Gd,ALULAV,131.5362824864,134.94720369687087
benzene,Gd,AMIWOJ,108.3849199488,105.65189669585482
benzene,Gd,AQALOU,97.7417350272,89.53716593354447
benzene,Gd,AZOBUN,190.698577344,184.98445472057372
benzene,Gd,BUGSIG,179.350881952,187.11544603926004
benzene,Gd,CAKFEB,74.4432446384,82.1984407391709
benzene,Gd,CAKXOD,184.324377248,181.89816126466465
benzene,Gd,CEDFIC,143.2058360832,144.82888894849313
benzene,Gd,DEHBIC,369.134768464,334.0117422376965
benzene,Gd,EBEWIT,184.623518992,183.31477165995378
benzene,Gd,ELIKUG,301.3065528,308.9409697105531
benzene,Gd,ETEKAQ,304.667233904,310.91682982743805
benzene,Gd,FATKAO,93.3486367088,93.23389991058215
benzene,Gd,FUTZOK,175.8568712736,180.763324922164
benzene,Gd,GAJZOI,182.368753952,187.7824572981577
benzene,Gd,GEVXAI,168.5598795936,180.60723710948187
benzene,Gd,IKETOI,376.709554496,379.024213200683
benzene,Gd,INOVEN,149.38712492,146.23529835898213
benzene,Gd,JEDJUY,299.804064032,301.5693900328357
benzene,Gd,KEFWID,141.56766624,144.97167859257095
benzene,Gd,KOBPUN,136.7118263984,141.10238831915646
benzene,Gd,MAZJEC,192.482362688,202.4965499652511
benzene,Gd,MIVPAJ,186.676589792,182.0220137816811
benzene,Gd,MOCHUI,487.62740048,487.5697022133504
benzene,Gd,NASMIF,181.589013232,186.32969163459268
benzene,Gd,NIBXUT,62.5801866624,80.28059293516057
benzene,Gd,NIKDEQ,212.568146032,230.16242342376682
benzene,Gd,NIVWIY,524.961133312,501.2608961896499
benzene,Ag,AQODOA,184.369455248,166.37508268103642
benzene,Ag,BASSOF,59.4021390864,62.60625744385455
benzene,Ag,BASSUL,59.0497183408,56.94413186461619
benzene,Ag,BASTEW,60.3232935008,56.34260926708117
benzene,Ag,BASTUM,59.2215332544,57.166104700623094
benzene,Ag,BEKZEX,102.29203028,109.22369505177024
benzene,Ag,CAHNEF,80.4986435264,72.74720709124024
benzene,Ag,CEGDUO,88.2263142464,106.51838122232066
benzene,Ag,CESYEF,296.016217376,272.2125801267615
benzene,Ag,DIMQOH,265.763865136,252.1351129158549
benzene,Ag,FAFMAC,172.844253736,166.76607248236786
benzene,Ag,FAZRAA,262.6178148,250.24767910275884
benzene,Ag,FIMNIA,86.5754066672,99.11896357727204
benzene,Ag,FINQOK,92.8336074512,99.15873220103614
benzene,Ag,GOLQII,117.9181393632,116.45260843850534
benzene,Ag,HARNAR,64.204879376,64.26041419869863
benzene,Ag,HUCLIB,116.6978178256,117.10817046321534
benzene,Ag,IJENER,124.5103828672,106.30174879149811
benzene,Ag,IPIDUH,69.5818765312,70.33216688970725
benzene,Ag,IPIFAP,230.21286376,244.29645843376903
benzene,Ag,IYIGEC,119.9490749424,116.5027200415351
benzene,Ag,JAVWUY,210.717502864,206.7284059059751
benzene,Ag,KEGYAX,208.17006056,213.04923512967213
benzene,Ag,LAGBUS,113.7496344336,119.83006597615731
benzene,Ag,LENRUS,218.581956384,209.0042018639078
benzene,Ag,LEZLAF,130.633558704,127.18379234681596
benzene,Ag,MAYPIM,114.8037774752,114.30517539221701
benzene,Ag,MOGXUB,50.3410175664,79.69847107769013
benzene,Ag,MOGYAI,48.3671125696,71.28101318540179
benzene,Nd,ABEXUC,98.67610412,95.07807540811237
benzene,Nd,AFOVOH,274.008433072,286.2317095897861
benzene,Nd,ALUJOH,60.40099516,63.620598281520756
benzene,Nd,AQMAND,240.207532224,195.47463563476492
benzene,Nd,CIGFEF,169.3011466432,164.88408086798228
benzene,Nd,CODRUJ,224.556298736,232.32343858455758
benzene,Nd,DATHAJ,72.6961627216,68.1452898558517
benzene,Nd,DICVAO,120.8059198896,122.51003161184768
benzene,Nd,DOQHIB,196.799097792,194.58447815953838
benzene,Nd,ECUDAI,345.269774608,349.890123716127
benzene,Nd,ELIKEQ,310.13937152,306.817734970427
benzene,Nd,EVUQUI,299.99466024,306.34435950348393
benzene,Nd,FAFGAU,202.748621328,216.65714092758822
benzene,Nd,GEDQIR,151.5016720096,152.50069212432277
benzene,Nd,GEDREO,132.0674764816,133.39672486863276
benzene,Nd,GEDSEP,128.3871270176,128.44689820375052
benzene,Nd,GEDSUF,129.098235816,135.00403039903665
benzene,Nd,HAWWIN,86.3484453216,77.31576488708879
benzene,Nd,IKETAU,390.44521648,376.8782565737982
benzene,Nd,JEJWOL,120.6622612096,126.75048926816694
benzene,Nd,JEMQEY,300.39603968,300.07000041721875
benzene,Nd,JEXSOV,255.509607936,268.7837366567446
benzene,Nd,KIHTOL,142.1502824016,136.9791381418636
benzene,Nd,KIPJOK,54.4646238576,61.714351615573065
benzene,Nd,LABPOV,66.6799604768,65.54825873843087
benzene,Nd,MOCHIW,511.328578112,499.18745659103524
benzene,Nd,MUFHUR,199.840935184,213.13200808546208
benzene,Nd,NAJGAH,286.852161728,295.01581837724285
benzene,Ce,ABEXIQ,99.8163516768,90.58489430297027
benzene,Ce,ALUJIB,60.569383952,69.50290731745469
benzene,Ce,ALUKIC,128.3735907696,139.29946587480424
benzene,Ce,ALULID,135.4135907696,127.33412894039171
benzene,Ce,AWOFOI,206.598026448,185.52504920162255
benzene,Ce,BETFUD,161.3064702304,157.42523453208727
benzene,Ce,CADQOP,315.132549424,316.0649540708308
benzene,Ce,COYTIU,143.7052354496,145.82918553089613
benzene,Ce,DOQHAT,199.24437016,195.27548820980303
benzene,Ce,ELIJOZ,313.04459824,298.124035571389
benzene,Ce,EVURAP,302.711876368,297.12844338908775
benzene,Ce,FATKUI,97.8717998544,92.72601389821871
benzene,Ce,GAJYUN,191.025571088,185.74995662214852
benzene,Ce,GAMTEU,353.214893328,345.9751490068979
benzene,Ce,GAMTUK,176.796382752,176.15428863286942
benzene,Ce,GIRFUJ,197.0454112,181.24038384825468
benzene,Ce,GUKNIK,342.742225584,349.54309570932145
benzene,Ce,HURQUG,203.444658032,203.9830944085579
benzene,Ce,ILIFUE,310.596975216,309.7055001604518
benzene,Ce,JOVDON,112.43566092,111.45453735232773
benzene,Ce,KAPHAL,448.511784336,436.35480856671927
benzene,Ce,KIPJIE,54.8334189216,68.51581984180855
benzene,Ce,KOBPIB,141.5968633024,139.0236456199691
benzene,Ce,LALPOF,195.809731744,197.42887802645254
benzene,Ce,LAZPOT,67.738154616,67.19125233808263
benzene,Ce,LUCDIW,296.933906368,303.079518378678
benzene,Ce,NIKDAM,218.402461728,216.54585754989392
benzene,Pr,ABEXOW,99.5951221936,97.56313629320519
benzene,Pr,BETFEN,161.038765536,155.1966475757641
benzene,Pr,CADQAB,313.0817844,311.43223139686035
benzene,Pr,CECVIQ,194.14926256,191.49149129721852
benzene,Pr,CERMIV,199.952429952,200.1929897627176
benzene,Pr,CETFUD,341.478632352,344.5339212618446
benzene,Pr,CODROD,227.085678864,225.6531662418501
benzene,Pr,DICVES,121.436628456,124.66484311225392
benzene,Pr,DOQHEX,198.769782464,194.16085147135374
benzene,Pr,DUQCAU,247.768861648,276.2322696420587
benzene,Pr,EDABOC,337.768115344,335.0167339095475
benzene,Pr,ELIKAM,312.482001568,309.1356083237405
benzene,Pr,EPUJIJ,117.1920818992,120.47060659579903
benzene,Pr,GAJZAU,190.607401952,182.33215876987768
benzene,Pr,GAMVAS,176.438246512,183.12121877616008
benzene,Pr,ILIGAL,310.051687968,313.00086670075035
benzene,Pr,KABXIW,153.870573296,144.36853663760962
benzene,Pr,KESHAT,96.4844525568,88.98802122844577
benzene,Pr,LAZPUZ,67.630023648,69.02754000946243
benzene,Pr,MAYYAN,197.130086032,187.04267836688638
benzene,Pr,MEJZOS,96.2571302704,100.18103566356777
benzene,Pr,MIHLEV,236.329602432,263.14555591497873
benzene,Pr,MIHLIZ,147.124278224,156.46396494167817
benzene,Pr,MOCHES,517.763462656,502.26725381253004
benzene,Sm,ABEYAJ,97.0279188384,85.89702165819027
benzene,Sm,BETFAJ,157.912484136,155.87944331641052
benzene,Sm,CAKXET,187.895837712,186.7882212901847
benzene,Sm,COYTOA,140.57713032,143.79111561693682
benzene,Sm,DOQHOH,193.268133872,197.50058413588474
benzene,Sm,ECUDEM,339.913136288,341.75934916353043
benzene,Sm,ELIKIU,305.915611936,310.7966634249607
benzene,Sm,ETEJUJ,309.3806188,315.63904141657895
benzene,Sm,FATKIW,95.1147442432,94.1851184725845
benzene,Sm,GAJZIC,185.751011952,185.7274568739777
benzene,Sm,GIFFAE,113.1831066784,123.10043326674426
benzene,Sm,IKETEY,383.852475424,379.78671918794214
benzene,Sm,KABXES,150.7908264896,141.92443394100374
benzene,Sm,LABPUB,65.87696984,70.46563877738876
benzene,Sm,LAGQER,345.6146804,367.36375104782707
benzene,Sm,LANCOU,95.006370448,92.22746974977869
benzene,Sm,LEPLEZ,225.556124464,209.16707998033232
benzene,Sm,MEJZUY,94.3497260464,98.60313063318681
benzene,Sm,MEXJAC,92.6308270096,126.55663656524877
benzene,Sm,MIHLOF,146.1063888768,154.3607874047639
benzene,Sm,MURNIX,167.8553928656,178.87387267744643
benzene,Er,ACALIB,124.0718564096,131.3462740112493
benzene,Er,CAKYIY,179.366394944,179.39518934501163
benzene,Er,COWMOR,177.900649872,178.41568869453798
benzene,Er,ELILER,294.85087104,299.132797098577
benzene,Er,ETEKEU,298.068138368,309.6623002783541
benzene,Er,FIGXAU,909.134767728,657.7002822598954
benzene,Er,FITJEY,69.6181523664,61.9577534914557
benzene,Er,HAOAER,221.008342016,298.1901196139924
benzene,Er,HORCUN,182.871713904,197.44497333214403
benzene,Er,IJASIW,234.17418376,246.76345282107388
benzene,Er,IPIJUM,196.33391448,208.11149224965956
benzene,Er,JODGEP,89.4753793648,94.39038089183214
benzene,Er,KINDIW,230.60138376,246.76345282107388
benzene,Er,LAGRES,331.46058968,334.81636771024915
benzene,Er,LAVTIN,182.665091664,193.8534355063245
benzene,Er,MAYXUG,351.996697184,324.0345210416363
benzene,Er,MITGOL,192.76111448,199.6844929166687
benzene,Er,MOCJEU,470.845889712,477.29582447341903
benzene,Er,MUFJED,187.717864752,177.32422907952278
benzene,Er,NATXIR,195.241694736,219.82817006280118
benzene,Er,NERMON,165.3342948752,178.47233645271143
benzene,Ca,CANRUG,117.9321553872,114.39531929101517
benzene,Ca,CEGWER,220.213578112,200.683806652986
benzene,Ca,EKOPOK,134.3329266048,120.06804581722707
benzene,Ca,FELVID,57.2747116656,57.48719599919612
benzene,Ca,FELWAW,56.5572588768,52.56282299503882
benzene,Ca,FELWIE,57.1172302624,57.081711744029995
benzene,Ca,GAXVUY,158.7343053296,150.73299791977112
benzene,Ca,GEGSIW,127.4560728848,118.97878528417458
benzene,Ca,GEHSAN,293.687983072,300.4933849494589
benzene,Ca,HAFVOB,75.1283905504,77.41451763244986
benzene,Ca,KAXQIL,202.232843824,195.62554704163858
benzene,Ca,KAYBIX,337.51850176,351.5580823924102
benzene,Ca,KAYCIY,225.93926784,196.72809410626147
benzene,Ca,KIXXOG,269.341141168,264.2102884592703
benzene,Ca,LACGAZ,185.687300832,170.6195779396595
benzene,Ca,LACGED,112.2601453424,111.94479025744434
benzene,Ca,LIBJAJ,325.889968624,350.1715139836562
benzene,Ca,LIDZUV,198.660043824,195.62554704163858
benzene,Ca,NARTUX,77.542608968,85.45725521842292
benzene,Ca,NOCKUM,223.446260928,206.5177298913861
benzene,Fe,BUVXOG,180.403107456,229.77740765343708
benzene,Fe,BUVYEX,88.8815536928,111.87913118092493
benzene,Fe,CAHSOU,64.6939638752,57.83926488865102
benzene,Fe,CAXVOO,296.834639376,289.4989976846841
benzene,Fe,DAXHIV,315.007086768,345.5958864870543
benzene,Fe,EBIHII,130.974986648,133.7644324733113
benzene,Fe,FIQYOU,157.3147775584,161.42612632054727
benzene,Fe,FUFREE,239.679422928,221.6684346726075
benzene,Fe,FUTDII,149.4954382768,150.30151347978273
benzene,Fe,HAJLEK,166.1260180448,162.57298443605288
benzene,Fe,HAJMEL,166.7329900368,159.43324281270833
benzene,Fe,ILUGOM,94.8061883648,133.18237381620486
benzene,Fe,ILUJAB,98.1743128432,93.08497814075685
benzene,Fe,ILUJIJ,96.9373456832,97.87530529097336
benzene,Fe,ISUCUV,172.3537115344,174.20618090537846
benzene,Fe,LEMNOH,176.184973184,178.6684347462477
benzene,Fe,LUPHIN,106.3121559808,91.96834523352705
benzene,Fe,MUWQEB,93.819383416,97.70611168407616
benzene,Fe,NIHBEM,156.1449055584,161.42612632054727
benzene,Dy,ALUKAU,337.88217584,340.6542614137348
benzene,Dy,AMIXAW,106.89227868,108.31440099044801
benzene,Dy,BETDEL,154.3958478304,149.75058178987626
benzene,Dy,BUGSAY,176.85514176,181.67825397283488
benzene,Dy,CAKYAQ,181.691351424,180.05814897202498
benzene,Dy,CEJBEA,76.0072500176,87.71356842770885
benzene,Dy,CIGDUT,77.9315068752,86.19968350088428
benzene,Dy,COWMAD,180.18807488,180.81972585220964
benzene,Dy,COYVAO,81.3966865008,98.72080288436152
benzene,Dy,CUKYAJ,180.197526608,177.31626457982202
benzene,Dy,ELILAN,297.886492464,305.31419372697593
benzene,Dy,ISENUQ,70.9901205024,82.8758128175013
benzene,Dy,ISUXAW,95.4428532464,104.6531039047593
benzene,Dy,KETSEI,191.245830512,207.1225047562695
benzene,Dy,LAVTEJ,185.027498832,190.35906245834767
benzene,Dy,LEDHIN,262.453605392,303.2637869131232
benzene,Dy,MIHLUL,52.5415449856,60.18849835583609
benzene,Dy,MODDEP,136.9159958848,134.32873414205542
benzene,Mg,AVIPAX,129.6709892368,107.68913403959436
benzene,Mg,BAXSIE,165.8302557824,171.44630126049782
benzene,Mg,BELYIC,330.359805424,321.9754526453788
benzene,Mg,CANRIU,123.3897461456,121.23368468437539
benzene,Mg,CENPUI,212.303353504,250.70945916298027
benzene,Mg,DORFOG,435.335930656,366.0681707944197
benzene,Mg,FOHCAH,553.211366224,461.16708849124444
benzene,Mg,GIQZIQ,192.377673488,186.2792616982401
benzene,Mg,HAFVUH,338.027546384,387.5779155239625
benzene,Mg,HIBGEF,200.604996944,182.51316901003645
benzene,Mg,IFASOZ,102.3218150944,89.77413208796463
benzene,Mg,JETZAK,175.8813393392,194.83021006594933
benzene,Mg,KIFKEQ,172.3085393392,180.82395790151594
benzene,Mg,LEVNOQ,191.207801488,209.72453634521256
benzene,Mg,LICSUM,438.415930656,353.9889120902801
benzene,Mg,NABMUA,240.949978544,250.668429756495
benzene,Mg,NANMEW,101.6154792224,100.59452605701304
benzene,Mg,NOCKOG,181.465207264,168.89001298987398
benzene,Tm,AFUPEX,184.399873504,178.872602924547
benzene,Tm,COWMUX,177.109152,176.73385698503887
benzene,Tm,ELILIV,293.797174176,293.9874055716563
benzene,Tm,FEDBEX,328.942317616,332.4146484545799
benzene,Tm,IJASES,333.692606544,327.3744850268145
benzene,Tm,IJASOC,277.911932672,299.92883992948055
benzene,Tm,KINDOC,274.339132672,300.88575207970905
benzene,Tm,KINFAQ,164.6639033072,170.33009313482432
benzene,Tm,KINFEU,81.9359516448,78.45826620689134
benzene,Tm,MEWNEH,50.1597287488,71.45835940650687
benzene,Tm,MIVPEN,180.883593616,172.96499584089835
benzene,Tm,NIGGEQ,181.847873504,182.81256915693206
benzene,Ba,BALMUW,313.584324064,341.0291618278696
benzene,Ba,CEBDOD,166.5297033136,183.56790480444764
benzene,Ba,EXIBUI,308.100064976,323.8997287590463
benzene,Ba,FEZREJ,82.209703048,86.99505821336449
benzene,Ba,HEZSEK,140.8075150592,141.26130320684462
benzene,Ba,IHIWIF,66.3682220784,80.59657878442617
benzene,Ba,MAZTIR,168.0313987088,162.38787875191872
benzene,Ba,MIFQEY,124.1760960352,117.07255023114318
benzene,Ba,MINCER,406.27715832,392.0619238952346
benzene,Ba,NALWOO,118.91709148,128.50432433116808
benzene,Ba,NICJUG,93.6149539248,87.26054101906048
benzene,Ba,NIRMUW,396.8434536,440.32476953606425
benzene,Y,ALUJUN,411.704961008,357.3572109983393
benzene,Y,ELIJUF,354.29925608,327.111870957527
benzene,Y,GAJZUO,222.616501008,191.07114347022016
benzene,Y,JOHFIW,234.796513072,198.6990541655522
benzene,Y,KIPKEB,76.1912050768,59.70134164162292
benzene,Y,LAGNAK,409.152961008,388.81172693637774
benzene,Y,LAGNOY,204.180480592,182.54555995242
benzene,Y,LAGVOG,230.436393264,194.63528363247403
benzene,Y,LALPIZ,211.35914536,194.05778898418353
benzene,Y,LAVSUY,231.223713072,198.93710191803885
benzene,Y,NADZEZ,115.2158565184,107.148766492872
benzene,U,BAWRUO,55.5851795312,52.69337536104521
benzene,U,ECUDOX,118.9849124992,152.03073768519374
benzene,U,EPOXAJ,114.4467652592,149.7130365295547
benzene,U,GOJDOZ,195.449669888,271.7422756759142
benzene,U,HAPVAX,70.1557228768,77.7108801437757
benzene,U,HEDBEZ,157.8443970752,182.21835685031394
benzene,U,HEDBOJ,71.3086819632,103.84374069779258
benzene,U,HEDBUP,71.0081275024,103.5186160958239
benzene,U,LECHUX,62.0870290128,69.66495743819266
benzene,U,NALYEG,100.8508222304,114.1206197479406
benzene,Al,CELZIE,145.9741830272,156.08779913855082
benzene,Al,DEBNUU,331.816522224,313.4878710481368
benzene,Al,EBOTOF,236.328298624,213.91411844443064
benzene,Al,EGELUY,660.449222048,298.67676073940044
benzene,Al,GOMRAC,188.105844432,178.87339405459457
benzene,Al,GUXLIU,494.56874016,416.120106040071
benzene,Al,HITXUE,66.9332842112,144.0659798130466
benzene,Al,LOFZUB,93.0719862336,94.57041229762598
benzene,Al,MECLEL,173.370076088,156.74811093710792
benzene,Yb,DACYAI,210.69145944,217.40843961594018
benzene,Yb,ECUCUB,321.454025024,342.3318310827097
benzene,Yb,HORCOH,180.112022992,185.02193021792795
benzene,Yb,KIPKAX,63.975912792,58.11797614512793
benzene,Yb,KULRIT,177.04727832,174.50952948709522
benzene,Yb,LAVTUZ,179.876413728,182.41456776366206
benzene,Yb,MITGIF,189.92617776,191.88171147762068
benzene,Yb,MIVPIR,178.9327848,178.1180637289249
benzene,Yb,MOCJIY,461.670244464,472.70923346511927
benzene,V,ADOBAX,64.3943550976,73.2133279409045
benzene,V,ADOBOL,64.1669833904,78.8188478772803
benzene,V,DEYJIC,331.93471432,336.5376794681884
benzene,V,DEYJOI,331.750512192,336.5376794681884
benzene,V,GUXQAR,712.077949616,628.2876030341433
benzene,V,HOPHUP,458.4898296,394.2468002697079
benzene,V,IXODUV,300.032898528,319.17939244977
benzene,V,NIGBOW,458.48246576,449.54952769362666
benzene,Ho,AMIXEA,106.2158665744,104.34876261579858
benzene,Ho,BETDAH,153.6494289264,150.97220407566792
benzene,Ho,CAKYEU,180.496562752,182.86019869586315
benzene,Ho,COWMIL,179.012632304,178.79933070988352
benzene,Ho,COYVES,80.8997408384,90.79213754977285
benzene,Ho,DACXUB,213.16907832,218.53523701978065
benzene,Ho,FIVNAZ,505.488918704,550.8359790018776
benzene,Ho,MOCJAQ,474.647390096,475.70098581448167
benzene,K,AMOZAE,164.692918192,143.45222972453973
benzene,K,BUDDIO,382.764573488,376.8935664314758
benzene,K,DUFGOB,95.7320615856,101.85855695944623
benzene,K,FIVYEP,117.7439411808,101.27592809925284
benzene,K,IDAZEU,354.249545056,396.71837501262894
benzene,K,IQUNAJ,454.572645296,419.8197566630248
benzene,K,JIVHIG,105.1380011968,127.99301840804638
benzene,K,KAPHOZ,351.66456776,289.54305076275426
benzene,Na,AYUWUM,147.69449816,134.72764180056924
benzene,Na,BEGBOG,352.00012496,328.8675926204967
benzene,Na,CEZMUR,57.3828276384,147.51964867939748
benzene,Na,HOYTUL,170.9428209808,177.16844873668276
benzene,Na,HUTZEB,195.172302512,189.45982920367535
benzene,Na,KIYMIQ,175.211495184,197.6637058593395
benzene,Na,LOJFUL,144.2309685872,140.80146559845272
benzene,Na,LULWUL,157.7742930192,141.42915238176718
benzene,In,BOMCUB,293.823122384,300.11857346306033
benzene,In,DAXKOE,314.341166656,300.209885109623
benzene,In,DOTTUC,152.5622837552,165.25050995274165
benzene,In,EMANAH,105.6166630112,110.54552446658728
benzene,In,HIWLOO,183.816625872,173.6458162907156
benzene,In,IYUJAO,80.8442455744,77.39536972295502
benzene,In,LIXNIP,318.634743328,307.9483995055438
benzene,In,NAYZUK,98.7494468928,113.405554448642
benzene,Ru,GIQXEK,184.452790016,166.6072212708859
benzene,Ru,GIQXIO,179.09218096,156.6685309117131
benzene,Ru,GIQXOU,177.992322992,150.81533210445525
benzene,Ru,GIQXUA,180.320640192,163.95544122860974
benzene,Ru,GIQYAH,178.528758496,153.3601153205995
benzene,Ru,GIQYEL,184.751813312,166.6072212708859
benzene,Ru,GIQYIP,183.441989808,165.06823916478962
benzene,Ru,GIQYOV,175.7968923392,162.28060715042335
benzene,Mo,BOJCIN,71.1492450592,85.533565439423
benzene,Mo,CELZEA,299.94449936,315.3291500019092
benzene,Mo,DUCHEP,93.4826519792,112.16115905774994
benzene,Mo,EKEQIV,85.005725112,108.48125757542493
benzene,Mo,EMIYEF,219.274393712,263.37172223942247
benzene,Mo,FAZZEM,119.224708328,136.0916436969703
benzene,Mo,HUSQES,139.3517448224,150.16560779284254
benzene,Sr,EBANAY,293.850375104,301.0835136612437
benzene,Sr,EKOPIE,93.2044485504,74.80651174217925
benzene,Sr,GAXWAF,143.0918033776,145.33264236645348
benzene,Sr,KIYMAI,226.789281664,230.14529171735865
benzene,Sr,LIDZOP,174.4654117888,184.0085840400801
benzene,Sr,NIRNAD,463.680740864,508.7225092408001
benzene,Sr,NOCLOH,362.991424048,318.7565023199337
benzene,Ga,BEKSAM,189.42315216,198.37753957493473
benzene,Ga,COMDOY,544.96299528,568.9081837553952
benzene,Ga,HAKWUM,756.286957536,629.4198835640381
benzene,Ga,HOMZEP,60.4310458752,58.889254884875854
benzene,Ga,LOQLIN,182.478744976,190.81429910395835
benzene,Ga,MIKJAR,105.0625851264,108.37731405652008
benzene,Re,EFOTAV,42.2625207488,60.86532629552909
benzene,Re,EFOTEZ,34.4637198224,61.61756484228947
benzene,Re,EFOTID,28.945945072,60.86532629552909
benzene,Re,FARYAA,39.6059000832,56.73323893839255
benzene,Re,NAMZIL,56.3466101264,87.99500106212678
benzene,Cr,GUSNEN,592.180759808,615.1911349966487
benzene,Cr,IGAHAB,99.0031909328,92.16674099719654
benzene,Cr,JETNOL,398.6349312,480.02219127592764
benzene,Cr,MINVUA,591.010887808,615.2237097451132
benzene,W,JIYXUL,52.3084685376,59.01863902432714
benzene,W,LUMZUO,80.9484634464,102.37279786032954
benzene,W,LUNBEB,80.3696086512,90.21010360108164
benzene,W,LUNBIF,82.6362371472,98.28023853017551
benzene,Ti,LAJDUV,377.709327952,330.7568934541834
benzene,Ti,MAPFIS,129.2594558112,122.54127380357643
benzene,Ti,MAPFOY,93.5061271232,93.78636025828982
benzene,Rb,BEVQUP,400.807026048,392.186857731891
benzene,Rb,FEVSAC,77.7328484944,76.07435652702715
benzene,Li,CUCSAU,187.175066144,326.55765349746684
benzene,Li,MOTMAK,385.071591872,457.7574139229008
benzene,Th,JOJLOK,124.93745088,128.45173411040864
benzene,Th,MIYGIL,335.821195072,317.1965817919507
benzene,Lu,MARXEK,178.96427296,185.09603422028886
benzene,Lu,MIVNUB,178.030123568,175.03947542037622
toluene,Zn,ABUWOJ,114.0047377,109.08352661132812
toluene,Zn,ACOLIP,372.1217903,336.4017333984375
toluene,Zn,AFOQUI,177.2759121,168.64759826660156
toluene,Zn,ATOWIQ,322.4670127,303.7813720703125
toluene,Zn,ATOWOW,322.4670127,300.7757263183594
toluene,Zn,AXUBAW_manual,191.4851429,179.7270050048828
toluene,Zn,AZIXUD,178.578399,172.52789306640625
toluene,Zn,BARZUR,242.5376135,238.2281494140625
toluene,Zn,BEPLUF,244.8443855,232.3270263671875
toluene,Zn,BEPMAM,244.8443855,225.40957641601562
toluene,Zn,BEPMIU,213.8491727,197.354248046875
toluene,Zn,BEPNUH,184.5564928,186.48280334472656
toluene,Zn,BEPPAP,213.8491727,200.5019073486328
toluene,Zn,BEPPIX,219.6528515,193.23085021972656
toluene,Zn,BEPPOD,220.4678594,206.02503967285156
toluene,Zn,BERFIP,293.3447891,282.13592529296875
toluene,Zn,BIBBUL,170.8235359,170.2333984375
toluene,Zn,BICDAU,174.489187,185.0128173828125
toluene,Zn,BUKMUQ,389.7202784,350.8372802734375
toluene,Zn,CADPII,161.017066,144.46975708007812
toluene,Zn,CUYHIO,204.2643013,197.92779541015625
toluene,Zn,DOCKOW,139.8806585,129.83775329589844
toluene,Zn,DOGZIJ,476.931845,461.3517150878906
toluene,Zn,DUBWON,253.0985124,242.07919311523438
toluene,Zn,ECASAD,375.125843,358.5875549316406
toluene,Zn,ECUTON,206.6392593,199.0253143310547
toluene,Zn,EGEJIK_manual,179.9820304,173.5276336669922
toluene,Zn,EZUCIM,237.8546749,225.6953125
toluene,Zn,FECWOB01,354.3068485,330.6127624511719
toluene,Zn,FERHAN,152.466599,147.5458221435547
toluene,Zn,FIPWUY,620.3539282,644.8886108398438
toluene,Zn,FIPXEJ,310.1769641,293.58404541015625
toluene,Zn,FUDQIF,977.3703668,824.9963989257812
toluene,Zn,FUNBAS,213.5108329,209.0167236328125
toluene,Zn,GACQAE,181.4400793,175.7476043701172
toluene,Zn,GALCAZ,120.5222975,117.33943176269531
toluene,Zn,GAYFOD,909.5775675,894.1286010742188
toluene,Zn,GEDLIM,191.2248629,216.92019653320312
toluene,Zn,GERNOI,108.1267267,116.34539794921875
toluene,Zn,GIMVAA,268.1729363,278.0517883300781
toluene,Zn,GOGWAB,516.7925365,464.9088134765625
toluene,Zn,HAXJEX,170.7439942,166.5967559814453
toluene,Zn,HENYUV,391.4318599,330.3591003417969
toluene,Zn,HEZKIH,165.4053621,159.3779754638672
toluene,Zn,HIFVOI,112.5485974,113.819580078125
toluene,Zn,HIGRIA,175.5934583,183.7264404296875
toluene,Zn,IBICAZ,194.3783998,182.4590301513672
toluene,Zn,IBICIH,194.3783998,173.6674041748047
toluene,Zn,IBICON,169.8713839,170.73709106445312
toluene,Zn,IGOCOX,190.4868469,181.8195343017578
toluene,Zn,IJANAJ,389.3906994,361.4560546875
toluene,Zn,IJANEN,194.6953497,193.01475524902344
toluene,Zn,ILOJEZ,177.2497264,176.6592254638672
toluene,Zn,IMACZN01,545.1189657,524.618408203125
toluene,Zn,ISIMAZ,200.1731911,191.42979431152344
toluene,Zn,IXURID,278.8815013,277.5880126953125
toluene,Zn,JIVFUQ,538.8007786,505.8586730957031
toluene,Zn,KANDIO,247.0343751,220.50405883789062
toluene,Zn,KEFBOO,248.9957126,236.12911987304688
toluene,Zn,KENJEU,82.48231555,83.14363098144531
toluene,Zn,KEXKEF,336.9833333,330.11785888671875
toluene,Zn,KEXPOU,346.0881567,330.3254089355469
toluene,Zn,KOMGUP,251.659955,253.7340545654297
toluene,Zn,KOMHAW,242.1592913,236.23399353027344
toluene,Zn,LABGAY,100.6644103,89.57119750976562
toluene,Zn,LADHEF,177.2759121,171.04209899902344
toluene,Zn,LAWGEW,233.3442313,225.1844482421875
toluene,Zn,LAWGOG,233.3442313,225.1844482421875
toluene,Zn,LAWGUM,233.3442313,223.7031707763672
toluene,Zn,LEGGEK,416.8226412,396.86224365234375
toluene,Zn,LIHRIE,416.1305721,474.79296875
toluene,Zn,LIKFOB,943.3104298,721.0698852539062
toluene,Zn,LIWXIZ,248.3932456,240.6079864501953
toluene,Zn,MAFZOK,425.1462829,395.6486511230469
toluene,Zn,MAZSUD,543.9846558,563.2911987304688
toluene,Zn,MEJQID,279.3128255,279.5453796386719
toluene,Zn,MIBQAR16,233.3442313,215.98016357421875
toluene,Zn,MIFKUJ,311.9806903,297.37847900390625
toluene,Zn,MIMVEJ,290.154058,277.71856689453125
toluene,Zn,MOGVAG,239.2407319,222.3979034423828
toluene,Zn,MULQOA,172.6316207,157.93836975097656
toluene,Zn,MUVGUG,285.2057064,282.07470703125
toluene,Zn,MUVHAN,285.2057064,275.046142578125
toluene,Zn,MUVHER,285.2057064,279.4820251464844
toluene,Zn,OBUFEX,228.7759488,202.22369384765625
toluene,Zn,ODIXEG,281.0310585,280.4436340332031
toluene,Zn,ODODES,147.8453909,154.7836151123047
toluene,Zn,ODODIW,260.7556263,234.95181274414062
toluene,Zn,OFERUN02_h,263.331095,250.52191162109375
toluene,Zn,OGAGAF,183.6965216,172.3095703125
toluene,Zn,OGAGEJ,183.6965216,171.46583557128906
toluene,Zn,OGAGIN,183.6965216,170.19419860839844
toluene,Zn,OHOLIH,321.3187757,314.46630859375
toluene,Zn,OJIWIO,204.3043391,195.12619018554688
toluene,Zn,OSAXAI,183.4053332,174.4200439453125
toluene,Zn,OSOMIT,199.9021077,193.47769165039062
toluene,Zn,OVICUS,241.6706331,215.10589599609375
toluene,Zn,PAMHES,276.8247885,256.3236999511719
toluene,Zn,PAMVEG,224.7118244,233.67466735839844
toluene,Zn,PEGCAH,185.9267636,183.72686767578125
toluene,Zn,PENNUT,209.718391,208.7042236328125
toluene,Zn,PENZUE,183.6965216,173.24917602539062
toluene,Zn,PEPBAO,183.6965216,166.8970489501953
toluene,Zn,PEYPIU,255.4853444,235.30003356933594
toluene,Zn,PIDMEV,190.1527961,178.7760009765625
toluene,Zn,PIHNUQ,255.4540369,246.97425842285156
toluene,Zn,PORVUO,368.2964702,358.220458984375
toluene,Zn,PUPNAQ,218.7167381,209.42323303222656
toluene,Zn,PURQEZ,303.9722899,288.6058349609375
toluene,Zn,QAQSAD,428.4250342,426.8773498535156
toluene,Zn,QIFLIC,194.8377865,203.06455993652344
toluene,Zn,QOMDUS,439.6767742,413.3219299316406
toluene,Zn,QUFFED,276.7168707,258.07647705078125
toluene,Zn,QUPHUF,198.8535428,190.30308532714844
toluene,Zn,QUQPUO,247.0119666,243.54727172851562
toluene,Zn,RAPYUE,240.2220659,228.32257080078125
toluene,Zn,RAXDAX,207.5827904,204.7849578857422
toluene,Zn,REDROI,202.464061,198.5568389892578
toluene,Zn,REDYEG,347.9131605,268.7850036621094
toluene,Zn,REFTUT,127.5500876,123.60688018798828
toluene,Zn,REYBAA,186.8499948,182.2851104736328
toluene,Zn,REYCOP,159.0151281,167.14015197753906
toluene,Zn,REYPIW,369.3500794,336.3484802246094
toluene,Zn,RUVMAX,201.9402819,191.16668701171875
toluene,Zn,SAKRED,234.5598013,224.77769470214844
toluene,Zn,SARNOQ,223.0268261,196.73736572265625
toluene,Zn,SEFBOV,234.5598013,226.6921844482422
toluene,Zn,SENWOZ,265.8362946,249.4862518310547
toluene,Zn,SULKIU,81.00185152,91.67767333984375
toluene,Zn,TACPAP,165.4326105,146.65293884277344
toluene,Zn,TADCAE,97.64354851,84.45858001708984
toluene,Zn,TASXIW,174.072431,158.46128845214844
toluene,Zn,TERFUT,206.2100074,204.58998107910156
toluene,Zn,TESGUU,192.6425446,190.83351135253906
toluene,Zn,TEVZEA,192.6425446,191.6337432861328
toluene,Zn,TEVZIE,192.6425446,191.55560302734375
toluene,Zn,TEVZOK,192.6425446,190.61727905273438
toluene,Zn,TEVZUQ,192.6425446,192.0700225830078
toluene,Zn,TONQOD,262.1698629,253.80104064941406
toluene,Zn,UBACOR,146.4983805,147.91270446777344
toluene,Zn,UJAQUS,173.7342148,166.3435821533203
toluene,Zn,ULUVUT,769.370933,733.6307373046875
toluene,Zn,UMEXUF,208.604903,200.41134643554688
toluene,Zn,UNIGEE,233.3442313,225.43826293945312
toluene,Zn,UVARIT,349.6355363,315.533935546875
toluene,Zn,UVAROZ,349.6355363,320.4620666503906
toluene,Zn,UWELIS,256.9414601,231.6627197265625
toluene,Zn,UXUZAP,279.3128255,279.6051330566406
toluene,Zn,VACFUB01,386.8720772,355.67572021484375
toluene,Zn,VAZTOG,233.3442313,225.11288452148438
toluene,Zn,VEMMAC,431.5162432,400.22705078125
toluene,Zn,VUNCAJ,313.4748715,309.4571838378906
toluene,Zn,WAFKAQ,299.8133046,272.87896728515625
toluene,Zn,WEMNAF,336.7842641,317.7691955566406
toluene,Zn,WIJDAV,148.1152097,134.7296905517578
toluene,Zn,WIYFAM,219.5900175,225.0239715576172
toluene,Zn,WOGHEG,480.8166233,471.5127258300781
toluene,Zn,WONZUV,267.3485617,243.37632751464844
toluene,Zn,WUPNIF,187.4721024,193.96072387695312
toluene,Zn,XADGAM,195.383733,193.08474731445312
toluene,Zn,XAMHEA_manual,160.653432,152.52212524414062
toluene,Zn,XEXLIX,211.0362925,218.57711791992188
toluene,Zn,XEXLOD,211.0362925,200.30551147460938
toluene,Zn,XEXLUJ,211.0362925,196.94998168945312
toluene,Zn,XIDBUJ,232.9217475,213.47528076171875
toluene,Zn,XILVIZ,258.3585875,270.4062194824219
toluene,Zn,XINFUW,195.698949,196.06192016601562
toluene,Zn,XINWUO,304.5409852,308.8440856933594
toluene,Zn,XOVVEK,235.9943785,233.22763061523438
toluene,Zn,XUYXAR,146.4983805,149.5826416015625
toluene,Zn,YARGAB,178.7899963,176.54454040527344
toluene,Zn,YARKEJ,213.5104191,214.5196533203125
toluene,Zn,YEZFIU,218.9049524,202.11453247070312
toluene,Zn,YUBFOR,370.7921814,359.97265625
toluene,Zn,ZEDHIB,120.7954506,122.63077545166016
toluene,Zn,ZEDROR,135.4326968,153.7638397216797
toluene,Cu,ADABIS,327.0002475,335.1883544921875
toluene,Cu,ADABUE,327.0002475,334.2286682128906
toluene,Cu,AFOYOK,242.9113452,252.3720703125
toluene,Cu,AHOKIR01,1053.345272,1005.3497314453125
toluene,Cu,ALAMUW,179.4619745,169.44796752929688
toluene,Cu,ALIXUP,159.0301838,166.89979553222656
toluene,Cu,AMUXAI,185.3581049,198.73275756835938
toluene,Cu,ANUGIA,197.8207425,205.7964324951172
toluene,Cu,AQUCOF,180.2608058,198.7122344970703
toluene,Cu,AQUDAS,180.2608058,192.97349548339844
toluene,Cu,AVELOD,134.9504738,144.87680053710938
toluene,Cu,BAHGUN01,583.8204965,598.0933837890625
toluene,Cu,BAHGUN,583.8204965,606.4342651367188
toluene,Cu,BEPVID,318.523225,330.90997314453125
toluene,Cu,BEPVOJ,318.523225,340.2087097167969
toluene,Cu,BIMDIL,412.7195911,419.6986083984375
toluene,Cu,BUSGOM,164.4927224,172.87149047851562
toluene,Cu,CAYDEN,330.6083183,335.45343017578125
toluene,Cu,CAYDIR,330.6083183,351.1522216796875
toluene,Cu,CIVTEH,192.8078394,192.37193298339844
toluene,Cu,CUGLTM01,430.5347014,423.81732177734375
toluene,Cu,CUGLTM,430.5347014,413.97735595703125
toluene,Cu,CUGLTM,430.5347014,413.97735595703125
toluene,Cu,CUYWUP,121.4596954,132.05894470214844
toluene,Cu,DEFKUU,364.6593003,357.913818359375
toluene,Cu,DEGJIK,428.448293,438.019775390625
toluene,Cu,DEQFOU,249.3372869,259.0893859863281
toluene,Cu,DIBXAP,286.6743801,311.26177978515625
toluene,Cu,ECODIK,231.9555923,236.8981170654297
toluene,Cu,EDOMAM,235.2633144,233.94732666015625
toluene,Cu,FALQOA,250.5948167,253.85977172851562
toluene,Cu,FATLUJ,249.6716957,239.7194366455078
toluene,Cu,FEVNOK,333.1160546,336.3761291503906
toluene,Cu,FIBHIJ,318.523225,365.7284240722656
toluene,Cu,FIGQUJ,306.3439283,322.4830322265625
toluene,Cu,FUSWIA,212.3606269,215.0284423828125
toluene,Cu,GAWBEM,379.4267021,456.650634765625
toluene,Cu,GERPUP,139.9519024,141.4635467529297
toluene,Cu,GIKMOD03,232.5759544,219.1962890625
toluene,Cu,GIKMOD05,232.5759544,218.2677764892578
toluene,Cu,GIKMOD06,232.5759544,219.8254852294922
toluene,Cu,GIKMOD08,232.5759544,218.64581298828125
toluene,Cu,GIKMOD09,232.5759544,218.64581298828125
toluene,Cu,GIKMOD10,232.5759544,218.34326171875
toluene,Cu,GIKMOD12,232.5759544,217.97567749023438
toluene,Cu,GIKMOD,231.9706327,217.1378173828125
toluene,Cu,GIYSEN,193.8309198,207.5283966064453
toluene,Cu,GIYSOX,193.8309198,208.4898223876953
toluene,Cu,GOKBUE,324.1052855,301.5124206542969
toluene,Cu,GUJTOV,154.0493304,163.89889526367188
toluene,Cu,HAJJAE,333.1160546,340.826171875
toluene,Cu,HAKCIG,126.3577843,122.28711700439453
toluene,Cu,HEDGUS,333.1160546,338.8027648925781
toluene,Cu,HEZSAG,204.4618364,198.39492797851562
toluene,Cu,IBARUA,136.9775265,147.78952026367188
toluene,Cu,IBASEL,143.1670074,152.28175354003906
toluene,Cu,IBITUK,247.182633,243.7852783203125
toluene,Cu,IBUDOZ,428.448293,437.9462890625
toluene,Cu,IDUDES,294.7876378,305.24456787109375
toluene,Cu,IDUDIW,293.8349847,285.30279541015625
toluene,Cu,IKEBUV01,542.5101863,440.54376220703125
toluene,Cu,IKEBUV,542.5101863,448.0700988769531
toluene,Cu,IZUMUM,174.9747275,161.3232421875
toluene,Cu,JAVNIE,212.3606269,218.5346221923828
toluene,Cu,JOGBIR,212.8207049,246.48886108398438
toluene,Cu,KAVTUY,164.9193306,187.73248291015625
toluene,Cu,KIQKOK,153.2598737,163.57936096191406
toluene,Cu,LASYOU,264.236709,263.2798156738281
toluene,Cu,LAZGOK_manual,286.4850994,278.89007568359375
toluene,Cu,LUSZIJ01,232.5759544,217.97567749023438
toluene,Cu,LUSZIJ01,141.3381789,217.97567749023438
toluene,Cu,LUSZOP,232.5759544,219.8254852294922
toluene,Cu,LUSZUV,232.5759544,218.41197204589844
toluene,Cu,LUTCAF,232.5759544,219.41017150878906
toluene,Cu,MABJUV01,330.5960089,336.08636474609375
toluene,Cu,MABJUV,330.5960089,336.2235412597656
toluene,Cu,MABKIK01,314.368815,315.9471130371094
toluene,Cu,MADVUJ,194.0792888,210.99867248535156
toluene,Cu,MEHPAQ,430.5347014,424.79217529296875
toluene,Cu,MOCKAR,249.8837114,237.77635192871094
toluene,Cu,MOCKEV,248.8578174,242.91920471191406
toluene,Cu,MOXNUJ,314.3424179,331.6533508300781
toluene,Cu,MURCIL,137.3556252,140.30923461914062
toluene,Cu,NACVUI,361.2067137,366.0638122558594
toluene,Cu,NEJRUR,293.8158467,307.4274597167969
toluene,Cu,NEJSOM,281.8163867,287.00537109375
toluene,Cu,NELWIL,333.1160546,340.3319396972656
toluene,Cu,NUTQAV,250.9390356,252.00994873046875
toluene,Cu,NUTQEZ,250.9390356,249.2932891845703
toluene,Cu,OBUBOC_manual,142.2230876,169.57723999023438
toluene,Cu,OFESIC,140.5989952,151.2340087890625
toluene,Cu,OHOMIH,513.0386411,512.6752319335938
toluene,Cu,PARNIH,140.6959875,138.06259155273438
toluene,Cu,PASNEE,178.9394979,174.4711151123047
toluene,Cu,PEWFII,651.3415279,763.69970703125
toluene,Cu,PEWGEF,288.0259606,284.0296936035156
toluene,Cu,QUFTAM,280.9885493,250.7419891357422
toluene,Cu,QUQHAM,361.6385189,367.60345458984375
toluene,Cu,RAZGOQ,252.9109057,254.9718780517578
toluene,Cu,RAZYIC,129.2062206,155.32785034179688
toluene,Cu,RAZYOI,175.3284403,197.3618927001953
toluene,Cu,RIBTAZ,104.9967886,106.02713012695312
toluene,Cu,RUVKAV,238.9156411,218.04344177246094
toluene,Cu,SUJNUH,161.7369415,173.53152465820312
toluene,Cu,SUKYIH,290.0128556,302.67572021484375
toluene,Cu,TARWAK,341.9965224,343.4026794433594
toluene,Cu,TEWGEJ01,130.173901,153.8374786376953
toluene,Cu,TIQGIK,167.7635404,165.35073852539062
toluene,Cu,TIVFEK,167.6057991,164.98976135253906
toluene,Cu,TIVFIO,167.6057991,165.01364135742188
toluene,Cu,UGEPEB,443.2911911,456.9552001953125
toluene,Cu,UNABUH01,258.3176613,257.20123291015625
toluene,Cu,UNACIW,258.3176613,257.8211975097656
toluene,Cu,UTOTUT01,205.4445015,204.10072326660156
toluene,Cu,UTOTUT,205.9191583,204.62570190429688
toluene,Cu,UZUNAF,300.6910427,292.49090576171875
toluene,Cu,VAJTUX,274.897302,276.8842468261719
toluene,Cu,VEHPUU,280.0801831,291.5198059082031
toluene,Cu,VURYIR,270.7910925,271.2754821777344
toluene,Cu,WANJIF,291.9102482,300.1776123046875
toluene,Cu,WASNOU,210.6770432,196.60643005371094
toluene,Cu,WEVQOD,138.4665489,142.96412658691406
toluene,Cu,WOCWAN,315.481576,314.294677734375
toluene,Cu,WOLRIZ,181.9358216,184.75286865234375
toluene,Cu,WUTBES,143.1670074,151.0656280517578
toluene,Cu,XALTEK,181.0303295,211.39808654785156
toluene,Cu,XAMDUM04,148.5194055,170.72987365722656
toluene,Cu,XAMDUM06,148.5194055,158.85899353027344
toluene,Cu,XAMDUM,148.5194055,151.79701232910156
toluene,Cu,XAWVUN,252.4792295,252.1563262939453
toluene,Cu,XOPLOE,140.4742359,139.95310974121094
toluene,Cu,ZAZBUZ,789.200506,863.4453125
toluene,Cu,ZECKOJ,445.4557925,409.98370361328125
toluene,Cu,ZIJVOF01,222.7278962,229.6802520751953
toluene,Cu,ZIKJIO,313.8508066,324.8759460449219
toluene,Cu,ZIKJOU,313.8508066,321.146728515625
toluene,Co,ADAXEK,566.5334298,589.2626953125
toluene,Co,ADIQEL,505.8128178,489.4580993652344
toluene,Co,ATIJUJ_manual,256.9865554,253.6556854248047
toluene,Co,BANMAG,142.8560877,138.26002502441406
toluene,Co,BEYSEF,168.7852095,164.68698120117188
toluene,Co,BIHMUC,292.2255543,287.0364685058594
toluene,Co,CAZFOA,403.504998,391.23681640625
toluene,Co,CEKHIL,296.3749242,280.6220703125
toluene,Co,CEYPUT,592.7045228,573.0050659179688
toluene,Co,CIFMEL,249.2402533,257.8776550292969
toluene,Co,CIWYUD,333.3372136,342.60968017578125
toluene,Co,COJHIT,338.8262879,338.3851013183594
toluene,Co,CUKVUA,256.6790577,251.8353271484375
toluene,Co,DAJHUS,246.6522321,249.3078155517578
toluene,Co,DAWBUA,319.57565,318.7091979980469
toluene,Co,DEJRUH,265.7673724,271.7784423828125
toluene,Co,DIZQOT,75.14938712,87.02082824707031
toluene,Co,ECOLEP,226.246826,240.04481506347656
toluene,Co,ECOROD,567.5790314,529.853271484375
toluene,Co,ECOSIY,228.0872205,247.69468688964844
toluene,Co,EDAFUM,201.0165698,203.74671936035156
toluene,Co,EDAGAT,201.0165698,203.50180053710938
toluene,Co,EGATOW,119.9528838,112.7042236328125
toluene,Co,EQOCES,465.293667,478.0975341796875
toluene,Co,EQOCIW,465.293667,482.51629638671875
toluene,Co,ESEQUO,455.2943636,434.267333984375
toluene,Co,FEYJOJ,202.2946279,205.6877899169922
toluene,Co,FIHFAF,297.6320785,294.6082458496094
toluene,Co,FOHQUO,245.0224967,237.31326293945312
toluene,Co,GETXAG,211.5203909,223.27581787109375
toluene,Co,GIRDUI,261.7571876,262.55389404296875
toluene,Co,GITTOT_manual,270.8425476,274.06390380859375
toluene,Co,GIZVER,178.0390105,181.85324096679688
toluene,Co,GUBVUU,252.9040839,261.204833984375
toluene,Co,GUXPOF,240.6647477,241.60232543945312
toluene,Co,HABZEQ,295.9814339,294.091796875
toluene,Co,HEBJAB,268.1662998,266.3580322265625
toluene,Co,HEBTAL,328.9374312,335.0648193359375
toluene,Co,HURNOX,440.2677131,430.74493408203125
toluene,Co,IGAHED01,976.5098268,971.7821655273438
toluene,Co,IGAHED02,976.5098268,965.0335693359375
toluene,Co,ILOTOT,240.7009667,237.0615234375
toluene,Co,ISIKIF,178.1974078,181.4195098876953
toluene,Co,IWELIG01,175.8011624,170.30038452148438
toluene,Co,IWELIG,175.8011624,172.27066040039062
toluene,Co,KAVGAQ,377.6581088,384.0800476074219
toluene,Co,KIPZEQ,295.1428614,295.26275634765625
toluene,Co,LASWEJ,264.0839405,265.4241943359375
toluene,Co,LASWIN,342.7718264,333.45623779296875
toluene,Co,LECGEH,489.322262,469.16619873046875
toluene,Co,LERNEC,242.1226239,239.6505889892578
toluene,Co,LEWTUD01,242.1226239,240.95327758789062
toluene,Co,LEWTUD,242.1226239,240.0476837158203
toluene,Co,LULJAE,902.7439844,909.4580688476562
toluene,Co,LUQGAG,168.1347842,180.72373962402344
toluene,Co,NEDWEA,246.6622851,236.99818420410156
toluene,Co,NERVEL,287.8003318,285.59088134765625
toluene,Co,NERVOV,287.8003318,285.67279052734375
toluene,Co,NEVVAM,332.0951759,344.4575500488281
toluene,Co,OCACUR,488.2549133,471.9571838378906
toluene,Co,OFUDUQ,511.6761923,508.57550048828125
toluene,Co,OPIWEQ,335.0655926,333.1046142578125
toluene,Co,PASNAA01,167.2958151,169.25485229492188
toluene,Co,PELGOE,144.214131,149.3553009033203
toluene,Co,QEBGAH,156.3964942,153.8581085205078
toluene,Co,QIRYAS,332.7150356,342.8940124511719
toluene,Co,QOPHEI,697.7220097,599.2802734375
toluene,Co,QUPHIT,194.747975,189.38551330566406
toluene,Co,QUTTII,216.7530466,217.82325744628906
toluene,Co,RACZEC,260.3222536,259.0767517089844
toluene,Co,RAYMAG,314.1789074,314.5502624511719
toluene,Co,REGJIW01,826.2695789,667.6246337890625
toluene,Co,REGJIW02,826.2695789,655.9810791015625
toluene,Co,RENWEM01,1038.619544,988.562255859375
toluene,Co,RIFQUT,204.2469456,203.33306884765625
toluene,Co,SEHZUB,465.1968282,471.8337707519531
toluene,Co,SEQSOY,199.5455553,202.9578399658203
toluene,Co,TARVOX,348.1096004,344.6697082519531
toluene,Co,TATSIS,296.3522615,307.4974670410156
toluene,Co,TETWOG,398.2792324,393.92315673828125
toluene,Co,TIRRIW,255.7954292,254.6034698486328
toluene,Co,UJAQEC,355.005598,357.15191650390625
toluene,Co,UVINAP,374.7792762,377.95574951171875
toluene,Co,VEDFAN,143.9001659,143.0825958251953
toluene,Co,VEDGAO,143.9001659,144.34213256835938
toluene,Co,VIPXUO,244.6345953,241.87408447265625
toluene,Co,WECFAN,260.9906878,268.138427734375
toluene,Co,WEDQED,166.2830538,175.31089782714844
toluene,Co,WEYMIY,394.0502138,366.0785827636719
toluene,Co,WIYZOU,203.9609121,206.53575134277344
toluene,Co,WODFOL,335.0655926,332.59356689453125
toluene,Co,XALTOV,210.9040248,206.1044464111328
toluene,Co,XANMIJ,414.9746366,416.8558044433594
toluene,Co,XAVQIU01,303.9937177,314.26788330078125
toluene,Co,XAVQIU,303.9937177,314.78875732421875
toluene,Co,XEJWUG,333.8394199,333.1836242675781
toluene,Co,XIHRIQ,282.7074923,295.4111022949219
toluene,Co,XIHSEN01,219.2916207,230.9129180908203
toluene,Co,XIHSEN,219.2916207,222.6780548095703
toluene,Co,XOVXAI,170.6123595,168.63421630859375
toluene,Co,YANBAR02,201.0165698,204.91464233398438
toluene,Co,YEZKEV,236.080067,234.29335021972656
toluene,Co,YEZKOF,217.2637054,226.30258178710938
toluene,Co,YICGOI,128.405695,144.9546661376953
toluene,Co,YUCNEQ,1038.619544,851.41064453125
toluene,Co,ZEXKUK,381.2001223,391.2510986328125
toluene,Co,ZILBED,197.29739,197.3979949951172
toluene,Cd,CDLGLU10,348.8405458,331.31201171875
toluene,Cd,CDLGLU11,348.8405458,329.2897033691406
toluene,Cd,CICYIX,1220.17672,1137.989501953125
toluene,Cd,CIJVOH,240.913376,248.1407012939453
toluene,Cd,COMGUH,163.3900512,155.14288330078125
toluene,Cd,COXQUB,246.3545257,267.39678955078125
toluene,Cd,CUNWEO,138.8820468,141.53675842285156
toluene,Cd,CUYYAX,231.112268,249.2180633544922
toluene,Cd,DAWDAI,144.8849093,149.69888305664062
toluene,Cd,DEYDOA,918.1390702,865.334228515625
toluene,Cd,DEYLUQ,103.4484326,130.05813598632812
toluene,Cd,EBEMEE,194.1540936,186.4716033935547
toluene,Cd,EBEMII,194.9868229,186.31739807128906
toluene,Cd,ERUFUS,383.207003,377.30853271484375
toluene,Cd,EZABEN,277.3693898,265.0726623535156
toluene,Cd,FAKLOU,429.1224495,437.8896179199219
toluene,Cd,GAYFUJ,244.9148468,268.2669677734375
toluene,Cd,GIFKIP,918.1390702,866.9867553710938
toluene,Cd,GIKQIC,201.0985055,206.5467987060547
toluene,Cd,GIYSUD,390.6948933,385.34466552734375
toluene,Cd,GIYTAK,379.9391111,373.9083251953125
toluene,Cd,GUJVIR,339.1195256,344.24114990234375
toluene,Cd,HEKTUO,198.825077,200.85142517089844
toluene,Cd,HIZQEN,649.7395783,749.874755859375
toluene,Cd,ISACIP,168.8890522,175.46762084960938
toluene,Cd,IXEQIL,122.8523841,120.24864196777344
toluene,Cd,IZEBEV,186.4356469,184.60633850097656
toluene,Cd,IZEHAX,241.3688755,245.77842712402344
toluene,Cd,KETHEY,254.0509303,260.7166442871094
toluene,Cd,LAGWEX_h,216.5798595,226.66702270507812
toluene,Cd,LAZLEF,125.0883799,133.32472229003906
toluene,Cd,LUMDEC,116.1729635,127.26746368408203
toluene,Cd,METYIU,116.1729635,116.8686294555664
toluene,Cd,MICNES,231.2352708,240.18882751464844
toluene,Cd,MICNIW,231.2352708,232.07443237304688
toluene,Cd,MICNOC,231.2352708,235.43939208984375
toluene,Cd,MICNUI,231.2352708,230.52467346191406
toluene,Cd,MIFGEP,163.9876393,169.60427856445312
toluene,Cd,NAPZOV,309.1865322,298.56146240234375
toluene,Cd,NUYWEK,369.1135865,368.1695251464844
toluene,Cd,OFORUX,268.4280591,280.01080322265625
toluene,Cd,OKITAE,213.4030575,219.1405029296875
toluene,Cd,PAKXIK,171.7991337,168.7635040283203
toluene,Cd,PASTOU,173.0584339,167.47177124023438
toluene,Cd,POLNAG,482.1586964,456.36572265625
toluene,Cd,QEKLID,397.6501538,386.3446960449219
toluene,Cd,QIDDAI02,231.2352708,233.30357360839844
toluene,Cd,QIVBUT,233.6652887,250.14663696289062
toluene,Cd,QQQGTA02,279.2637561,287.2833251953125
toluene,Cd,QQQGTA03,279.2637561,287.1048278808594
toluene,Cd,QUGNOV,462.3367627,433.1358337402344
toluene,Cd,QUJFUX,241.6556836,260.3699035644531
toluene,Cd,QUNMUI,240.9809238,258.66217041015625
toluene,Cd,QUQPIC,360.1904563,354.7453918457031
toluene,Cd,RABHIH,221.5931112,232.93377685546875
toluene,Cd,REGLOG,142.2881737,140.76565551757812
toluene,Cd,RIVDEF,177.4935586,167.839599609375
toluene,Cd,RIWSUM,85.72065187,80.57614135742188
toluene,Cd,SAMLAV_manual,223.6862865,220.27291870117188
toluene,Cd,SEFSOM,202.2485985,197.1009521484375
toluene,Cd,SOVHAM,865.0456702,879.8622436523438
toluene,Cd,TISLIR,155.5096811,161.11810302734375
toluene,Cd,TUWPIL,148.9904248,142.69667053222656
toluene,Cd,UHAXUW,198.4016914,203.3120574951172
toluene,Cd,ULOGIL,478.1848956,446.0718994140625
toluene,Cd,WABTOK,281.589674,264.7933654785156
toluene,Cd,WIDZOA,192.4605133,184.21051025390625
toluene,Cd,WIFBAQ,192.4605133,189.55825805664062
toluene,Cd,WUWQEL,251.8442889,239.7209930419922
toluene,Cd,XEHTUB,348.1984138,314.8299865722656
toluene,Cd,XEQRAO,339.7464225,345.32080078125
toluene,Cd,YARYEV,495.0226873,722.2317504882812
toluene,Cd,YARYOF,461.8880599,645.9462890625
toluene,Cd,ZASJAG,354.5253867,407.424560546875
toluene,Mn,ATIBOU,206.5561614,214.8155975341797
toluene,Mn,ATIBUA,206.5561614,215.4325408935547
toluene,Mn,ATICAH,206.5561614,215.35885620117188
toluene,Mn,ATICEL,206.5561614,215.77345275878906
toluene,Mn,BAZJIX,132.5384845,141.2286834716797
toluene,Mn,BEXSAA,226.4938758,233.53933715820312
toluene,Mn,BEXTUV,348.08114,323.425537109375
toluene,Mn,BOHGOU,1063.173248,1054.5091552734375
toluene,Mn,BUSQEM,290.0262268,285.17718505859375
toluene,Mn,CIFDOM,222.5471516,234.72293090820312
toluene,Mn,DEKHEH,384.4589358,370.6614074707031
toluene,Mn,DEKHUX,447.7488974,426.2031555175781
toluene,Mn,DEPXIG,136.4969798,125.49934387207031
toluene,Mn,DEQVIF,206.3803037,202.95724487304688
toluene,Mn,DEZKAW,168.7862119,168.5696563720703
toluene,Mn,EHUCOA,171.185028,181.70472717285156
toluene,Mn,ESUMOU,480.3770806,446.3363342285156
toluene,Mn,EVOMOR01,274.5619676,263.2530517578125
toluene,Mn,FAKLIO,497.4000361,517.085205078125
toluene,Mn,FIJDIM02,273.4044004,271.8113098144531
toluene,Mn,FIJDIM07,273.4044004,271.5340270996094
toluene,Mn,FIJDIM11,273.4044004,274.6781005859375
toluene,Mn,FIJDIM,273.4044004,273.0527648925781
toluene,Mn,FUTCAZ,254.8907781,263.9844055175781
toluene,Mn,FUWYAY,292.6171388,305.7812194824219
toluene,Mn,GAXGOD,138.8640716,154.55596923828125
toluene,Mn,GELVEZ02,537.0301964,527.3814697265625
toluene,Mn,GELVEZ,537.0301964,522.3070068359375
toluene,Mn,GUJVOX,380.3829163,359.6869812011719
toluene,Mn,HIWKII,343.5322409,360.40594482421875
toluene,Mn,HIYZEV01,410.1066008,413.5260009765625
toluene,Mn,IDAGOL,218.5082073,219.82318115234375
toluene,Mn,IDAGUR,233.8625218,259.160400390625
toluene,Mn,IQEWOQ,206.5561614,215.13702392578125
toluene,Mn,IQIPAZ,185.9541067,187.82308959960938
toluene,Mn,LIGHAM,247.2982265,247.58795166015625
toluene,Mn,LIXWAR01,222.5471516,230.52276611328125
toluene,Mn,LUFNAC02,276.2640602,278.1382751464844
toluene,Mn,LUFNAC03,276.2640602,276.7964782714844
toluene,Mn,LUFNAC05,276.2640602,278.0923156738281
toluene,Mn,LUFNAC,276.2640602,276.5810852050781
toluene,Mn,LUSHOX01,205.0533003,214.45140075683594
toluene,Mn,LUSHOX,205.0533003,212.63938903808594
toluene,Mn,LUSHUD,286.8806749,277.0693054199219
toluene,Mn,MAHTAR01,273.4044004,281.81512451171875
toluene,Mn,MAHTAR,273.4044004,281.1960144042969
toluene,Mn,MAJHUC,188.1785368,191.30799865722656
toluene,Mn,NEDWAW,258.5391294,253.2504425048828
toluene,Mn,OKILEA,192.2168619,195.70828247070312
toluene,Mn,OYOSAX,333.8207274,329.600830078125
toluene,Mn,PAMGIV,286.0543694,281.2444763183594
toluene,Mn,PEQWAK,333.8207274,336.4854431152344
toluene,Mn,PUPXII,627.9924468,663.8051147460938
toluene,Mn,RAXYOF,257.2502434,246.5512237548828
toluene,Mn,RUJGOT,317.9636062,311.8721618652344
toluene,Mn,TIFBOA,363.674895,395.2024841308594
toluene,Mn,TUTJAU,138.5615225,134.36888122558594
toluene,Mn,UBIPAY,557.6798058,564.2424926757812
toluene,Mn,UKIQIP,163.8042788,180.37550354003906
toluene,Mn,UKUBOS,158.8409947,164.54188537597656
toluene,Mn,UVEVAT,156.9981117,154.46328735351562
toluene,Mn,UWOWAF,194.9521159,209.80517578125
toluene,Mn,VEMMEG,448.4316762,433.3748474121094
toluene,Mn,VILXOE,383.7996913,381.6492614746094
toluene,Mn,VIPZAX,223.4496286,223.09323120117188
toluene,Mn,VUQJUN01,152.1859472,151.66033935546875
toluene,Mn,VUQJUN,152.1859472,157.40415954589844
toluene,Mn,VUQKAU,202.914596,218.9759063720703
toluene,Mn,WICGEV,206.5561614,216.84420776367188
toluene,Mn,WIHVAL,206.5561614,215.7967071533203
toluene,Mn,WOPDEL,196.4120198,199.85623168945312
toluene,Mn,XEZPUP,183.1914279,187.44654846191406
toluene,Mn,YUKKAR,505.8550575,538.0239868164062
toluene,Ni,AGUWUV,498.7838625,476.912109375
toluene,Ni,ALIXOJ,188.8709815,185.6394805908203
toluene,Ni,AVEMAQ,136.9470827,156.2742462158203
toluene,Ni,BEXPAX,364.1980843,341.1067810058594
toluene,Ni,BIBXUH,197.341796,193.22262573242188
toluene,Ni,CEHWIX,413.5373853,416.756103515625
toluene,Ni,DAWCAH,319.8485472,316.93804931640625
toluene,Ni,DODHUA,325.6671127,309.67755126953125
toluene,Ni,EBELUU,421.3926135,461.5113525390625
toluene,Ni,ECEZAO01,655.2475678,734.3746948242188
toluene,Ni,FAKGOP,178.3671257,169.08038330078125
toluene,Ni,FEVDIV,147.4503148,141.05738830566406
toluene,Ni,FIFPAM01,691.3189221,706.4454956054688
toluene,Ni,FOHSAW01,243.841309,243.43997192382812
toluene,Ni,GAXQIH,184.8207932,177.63348388671875
toluene,Ni,GELVID,528.1380577,508.68084716796875
toluene,Ni,GESFAN,293.9527449,277.44207763671875
toluene,Ni,HAFTOZ,231.7516995,246.1825714111328
toluene,Ni,HIFTUM,180.6375344,187.65113830566406
toluene,Ni,HOGSIG,341.7659466,341.9705810546875
toluene,Ni,INESIE,144.4777097,133.565673828125
toluene,Ni,JEMNAR,335.3946211,328.5977783203125
toluene,Ni,KALGAH,217.5028865,206.86123657226562
toluene,Ni,KAVLID,190.6971006,185.47482299804688
toluene,Ni,KIFXOO,190.4933109,185.94932556152344
toluene,Ni,KINQAB,298.3007944,296.4157409667969
toluene,Ni,KIYMIP,198.3133487,181.86607360839844
toluene,Ni,NEDWIE,246.7841735,251.09609985351562
toluene,Ni,OLOKEF,977.7844181,964.6243896484375
toluene,Ni,OVIZID,166.8501188,165.94268798828125
toluene,Ni,PAPRUU,289.6945646,274.23773193359375
toluene,Ni,PARMIG,235.8071612,241.61810302734375
toluene,Ni,PESTUD,335.3655985,330.7832336425781
toluene,Ni,PEYSIW,364.2878815,381.4245910644531
toluene,Ni,RESSAK,455.9961981,433.21038818359375
toluene,Ni,RIBDAJ,337.9674724,327.5798034667969
toluene,Ni,ROGLOP,341.7659466,343.4593505859375
toluene,Ni,TADYEE,179.2624244,197.95840454101562
toluene,Ni,UQUHAQ,488.7688958,499.0791931152344
toluene,Ni,VEQBID,105.4615135,108.59871673583984
toluene,Ni,WEFXEM,281.9360907,275.7234191894531
toluene,Ni,YERJEL,190.6971006,186.88107299804688
toluene,Fe,BUVXOG,239.4183986,250.8704071044922
toluene,Fe,BUVYIB,239.4183986,266.3349609375
toluene,Fe,CAXVOO,391.709579,387.53826904296875
toluene,Fe,CAXWAB,391.709579,374.2402038574219
toluene,Fe,CAXWEF,391.709579,367.3907165527344
toluene,Fe,CAXWIJ,391.709579,375.1285705566406
toluene,Fe,DAXHIV,402.8176082,459.29071044921875
toluene,Fe,EBIHII,176.3783954,170.6157989501953
toluene,Fe,FIQYOU,205.2717697,203.63967895507812
toluene,Fe,FUFREE,313.0038322,322.41717529296875
toluene,Fe,FUTDII,195.0441589,182.7510528564453
toluene,Fe,HAJLIO,216.7967767,226.3448486328125
toluene,Fe,HAJLUA,216.7967767,210.60543823242188
toluene,Fe,HAJMAH,216.7967767,201.759521484375
toluene,Fe,ILUGOM,120.3682095,121.02350616455078
toluene,Fe,NIHBEM02,205.2717697,206.452392578125
toluene,Fe,NIHBEM,205.2717697,203.79432678222656
toluene,Fe,NIHBIQ01,205.2717697,204.706787109375
toluene,Fe,NIHBIQ02,205.2717697,206.168701171875
toluene,Fe,NIKYOW02,205.2717697,203.1315155029297
toluene,Fe,NIKYOW,205.2717697,204.23248291015625
toluene,Fe,NIKYUC01,205.2717697,204.30966186523438
toluene,Fe,NIKYUC02,205.2717697,205.87315368652344
toluene,Fe,NIKYUC,205.2717697,205.2721710205078
toluene,Fe,NIKZEN02,205.2717697,202.72239685058594
toluene,Fe,NIKZEN,205.2717697,203.2039337158203
toluene,Fe,RURPEA,825.9174447,916.238525390625
toluene,Fe,UKUBUY,158.5866409,169.2838897705078
toluene,Fe,VEXVAW,158.2411228,160.94960021972656
toluene,Fe,VICDOC,244.0021151,267.4715881347656
toluene,Ce,ALUJIB,76.92203614,74.07683563232422
toluene,Ce,ALUKIC,165.609203,175.10264587402344
toluene,Ce,BETFUD,199.4768084,197.99447631835938
toluene,Ce,CADQOP,415.643047,406.90118408203125
toluene,Ce,COYTIU,191.4179801,194.52064514160156
toluene,Ce,DOQHAT,265.6740083,264.0314025878906
toluene,Ce,GAJYUN,249.365122,247.5187225341797
toluene,Ce,GAMTEU,461.5069957,460.3382568359375
toluene,Ce,GAMTUK,230.7534979,228.14874267578125
toluene,Ce,HURQUG,265.6091532,248.90753173828125
toluene,Ce,JOVDON,143.4273684,138.08555603027344
toluene,Ce,KIPJIE,72.75744445,85.4977035522461
toluene,Ce,KOBPIB,186.2430883,182.7407684326172
toluene,Ce,LALPOF,257.1529321,249.5337371826172
toluene,Ce,LUCDIW,389.4222554,404.61773681640625
toluene,Ce,NIKDAM,286.7039778,282.18267822265625
toluene,Ce,OPURIB01,373.2519859,375.62823486328125
toluene,Ce,OPURIB,373.2519859,374.00677490234375
toluene,Ce,PIJROR,302.6775272,306.7455139160156
toluene,Ce,QATRAG,270.4280003,258.41864013671875
toluene,Ce,TEYLIU,179.0384259,191.99183654785156
toluene,Ce,WAZQUL,185.0513042,201.3046112060547
toluene,Ce,XAKVIP,78.07375924,91.95484924316406
toluene,Ce,XOVPIH,504.2614916,506.77459716796875
toluene,Ce,XOVPON,504.2614916,505.3118591308594
toluene,Ce,YURJUR,160.8579138,162.5413818359375
toluene,Ce,ZAVPIX,185.4850979,188.256103515625
toluene,Nd,ALUJOH,76.70178543,106.36170959472656
toluene,Nd,CECVOW,254.9666432,259.9184265136719
toluene,Nd,DOQHIB,262.4756187,263.3146057128906
toluene,Nd,ECUDAI,456.6736532,456.453125
toluene,Nd,EJIDUW01,498.4967286,458.6801452636719
toluene,Nd,EJIDUW02,498.4967286,516.3892211914062
toluene,Nd,ELIKEQ,405.1662922,398.1891174316406
toluene,Nd,ETEJOD01,411.7185474,412.6381530761719
toluene,Nd,EVUQUI,391.8971198,385.594482421875
toluene,Nd,FAQYUR,264.7003561,271.5314636230469
toluene,Nd,GEDQIR,197.6682907,195.2369842529297
toluene,Nd,GEDRAK,197.6682907,200.30093383789062
toluene,Nd,GEDREO,172.2485739,177.21217346191406
toluene,Nd,GEDSAL,197.6682907,199.86180114746094
toluene,Nd,GEDTAM,197.6682907,197.64151000976562
toluene,Nd,HAWWOT,112.4485772,100.14852142333984
toluene,Nd,JEMQEY,389.2775046,386.8021545410156
toluene,Nd,MUFHUR,262.4257025,264.5146484375
toluene,Nd,MUXHUI01,254.2393416,253.17288208007812
toluene,Nd,QAVZAQ,354.5240591,364.5816345214844
toluene,Nd,UKAPUS,325.7693517,360.2308044433594
toluene,Nd,UZANEP,170.519403,162.11256408691406
toluene,Nd,VODQIP,149.5636475,149.9745330810547
toluene,Nd,XUMVEH,196.1872723,191.24041748046875
toluene,Nd,YUWKEH,103.8584028,105.18536376953125
toluene,Mg,AVIPAX,158.0979425,136.40362548828125
toluene,Mg,BELYIC,420.5967367,387.29876708984375
toluene,Mg,CANRIU,164.8455406,157.65013122558594
toluene,Mg,FOHCAH,723.1002124,604.741943359375
toluene,Mg,GIQZIQ,251.1336573,227.00848388671875
toluene,Mg,HIBGEF,261.8949072,225.3683624267578
toluene,Mg,JETZAK,226.4136274,222.99806213378906
toluene,Mg,KIFKAM,317.853933,297.936279296875
toluene,Mg,KIFKEQ,226.4136274,218.92213439941406
toluene,Mg,NANMEW,133.9478717,122.6106185913086
toluene,Mg,RATVEP,351.6470244,329.95843505859375
toluene,Mg,RAVWAO,283.1993805,288.9411315917969
toluene,Mg,UHISOU,1202.900766,1042.931396484375
toluene,Mg,VAGTAA,815.1307904,638.0700073242188
toluene,Mg,WAMRIN01,108.5646458,107.61965942382812
toluene,Mg,WAMRIN02,217.1292915,216.12086486816406
toluene,Mg,WOGLAG,236.9944187,222.1452178955078
toluene,Mg,WUHJIT,187.3495233,199.64613342285156
toluene,Mg,XEHSAF,261.8949072,225.7902069091797
toluene,Mg,XEHSEJ,261.8949072,225.92401123046875
toluene,Mg,XEHSIN,261.8949072,225.33505249023438
toluene,Mg,XEKCAT01,184.4101661,193.80819702148438
toluene,Mg,XEQLEM,334.5712791,308.591796875
toluene,Mg,XEQLEM,334.5712791,308.591796875
toluene,Gd,ADEGIA,445.3626044,444.4712829589844
toluene,Gd,AFOVIB,347.1427354,347.65753173828125
toluene,Gd,ALULAV,160.5377259,177.38951110839844
toluene,Gd,AMIWOJ,130.2559948,141.33326721191406
toluene,Gd,AQALOU,116.3348244,204.0742645263672
toluene,Gd,CAKXOD,244.5473771,240.2025909423828
toluene,Gd,CEDFIC,190.7647712,188.90658569335938
toluene,Gd,ETEKAQ,398.0087955,398.7120056152344
toluene,Gd,GAJZOI,238.0420992,243.70338439941406
toluene,Gd,GEVXAI,219.9802413,220.48301696777344
toluene,Gd,GEVXIQ,260.5119897,264.5871887207031
toluene,Gd,JEDJUY,388.5032068,365.8970947265625
toluene,Gd,KOBPUN,179.8535131,183.18589782714844
toluene,Gd,MAZJEC,252.8007694,241.64263916015625
toluene,Gd,MIVPAJ,245.2068815,242.5347137451172
toluene,Gd,MOCHUI,638.8472766,632.8050537109375
toluene,Gd,NASMIF,238.5523864,240.36041259765625
toluene,Gd,OHAZAZ,359.7070261,367.5360107421875
toluene,Gd,QETCUO,345.1659962,353.17791748046875
toluene,Gd,VAZLIT,252.8155171,248.21939086914062
toluene,Gd,XAPTUE,222.6813022,228.8843536376953
toluene,Gd,XEJJIG,442.049279,452.1911926269531
toluene,Gd,ZEZQEC,345.1659962,344.92340087890625
toluene,La,AGARUW,139.0678764,144.65249633789062
toluene,La,AHUTIH,273.0800405,262.38189697265625
toluene,La,ANENEN,287.3196347,292.9134521484375
toluene,La,ANENIR,284.5675591,284.93035888671875
toluene,La,BETGAK,200.0143227,199.43435668945312
toluene,La,CUMDIY,438.1879861,423.5106506347656
toluene,La,DOQGUM,266.6283235,262.1800842285156
toluene,La,ETEJIX01,418.7684279,415.24664306640625
toluene,La,ETEJIX,415.8376867,414.87896728515625
toluene,La,EVUQOC,396.5074199,392.2024841308594
toluene,La,GAMTAQ,462.9461763,466.3866882324219
toluene,La,ICOWON,505.9801746,502.1209411621094
toluene,La,LESWAI,191.8873926,196.09634399414062
toluene,La,MULXOH,227.921477,238.8139190673828
toluene,La,NUVWEH,222.8891003,218.53919982910156
toluene,La,QOCRUW,466.5814546,465.7742004394531
toluene,La,RICHIV,227.921477,237.4410400390625
toluene,La,RUWWOW01,410.0960397,414.5804443359375
toluene,La,RUWWOW,410.0960397,404.5644226074219
toluene,La,RUWWUC,393.8990219,398.6943054199219
toluene,La,WAZRAS,185.5137968,198.0173797607422
toluene,La,XAFXOT,373.4231298,384.44842529296875
toluene,La,XINHOT,178.523256,187.27386474609375
toluene,Ca,CANRUG,157.7070711,155.0574951171875
toluene,Ca,EKOPOK,175.2133695,174.3216552734375
toluene,Ca,GAXVUY,207.1284968,199.017578125
toluene,Ca,GEHSAN,383.6464429,373.1961669921875
toluene,Ca,ISEQIH,360.4698509,326.77728271484375
toluene,Ca,KAYBIX,437.8332823,401.9932861328125
toluene,Ca,KAYCIY,291.8888548,265.1646728515625
toluene,Ca,LIBJAJ,427.2964706,397.01068115234375
toluene,Ca,LIDZUV,260.8811095,246.6656494140625
toluene,Ca,NOCKUM,293.3012124,278.7568664550781
toluene,Ca,OSAVEK,439.9518185,405.2684326171875
toluene,Ca,OSAVUA,760.6961406,676.453369140625
toluene,Ca,OSAWEL,760.6961406,675.0387573242188
toluene,Ca,PARHAS,487.6952366,435.0933532714844
toluene,Ca,PARHEW,487.6952366,445.37261962890625
toluene,Ca,RAJFAL,481.2306968,465.9062194824219
toluene,Ca,RUFMUA01,723.8854397,670.8394775390625
toluene,Ca,RUFMUA,723.8854397,672.1658935546875
toluene,Ca,SIPWUK,291.9424474,269.8561096191406
toluene,Ca,TECTUS,336.1669587,318.70147705078125
toluene,Ca,VOTMAS,215.9988529,209.2676239013672
toluene,Ca,XAMLUS,296.6201619,272.1499938964844
toluene,Ca,ZERQOE,260.8811095,244.4352569580078
toluene,Er,CAKYIY,238.06239,240.6862030029297
toluene,Er,COWMOR,236.1452113,235.1254425048828
toluene,Er,ELILER,385.1690993,378.910888671875
toluene,Er,ETEKEU,389.37725,380.87774658203125
toluene,Er,FIGXAU,1188.64416,984.3674926757812
toluene,Er,HORCUN,238.6999653,269.2337341308594
toluene,Er,KINDIW,302.6600355,322.3017272949219
toluene,Er,LAVTOT,239.9598855,237.608642578125
toluene,Er,MAYXUG,461.4437883,465.6409912109375
toluene,Er,MITGOL,253.1653738,260.38787841796875
toluene,Er,MOCJEU,616.8972428,630.4360961914062
toluene,Er,MUFJED,246.5688579,238.26083374023438
toluene,Er,NATXIR,256.4099459,262.3675231933594
toluene,Er,QETSOY,214.7187487,217.1300048828125
toluene,Er,RESWUI01,434.5827825,422.6251220703125
toluene,Er,RESWUI02,434.5827825,425.715087890625
toluene,Er,SAQQIL,170.279103,179.58409118652344
toluene,Er,SEHSUU,239.9598855,238.1051483154297
toluene,Er,SEYFAE,229.5552338,228.36264038085938
toluene,Er,UZATAR,253.1653738,256.7657165527344
toluene,Pr,BETFEN,199.1266536,199.78196716308594
toluene,Pr,CAYKEU,130.5527607,124.8160171508789
toluene,Pr,CERMIV,264.9887003,258.78515625
toluene,Pr,CETFUD,450.1034374,458.73236083984375
toluene,Pr,CODROD,300.4786957,269.0005798339844
toluene,Pr,DOQHEX,265.053253,261.38671875
toluene,Pr,EDABOC,441.3043892,451.54364013671875
toluene,Pr,GAJZAU,248.8181614,248.41900634765625
toluene,Pr,GAMTIY,460.5701192,457.1626281738281
toluene,Pr,ILIGAL,401.9069878,380.38336181640625
toluene,Pr,MAYYAN,258.8799412,251.36843872070312
toluene,Pr,MIHLEV,310.1524834,339.1802978515625
toluene,Pr,MIHLIZ,193.4728871,206.47865295410156
toluene,Pr,MOCHES,678.264919,639.9506225585938
toluene,Pr,OXAZIX,277.2467181,277.4601745605469
toluene,Pr,VAZKUE,265.0049045,253.0070037841797
toluene,Pr,VETTOE,310.6930698,313.0796813964844
toluene,Pr,WENKEH,133.0170747,133.25503540039062
toluene,Ag,AQODOA,229.6429426,223.4754638671875
toluene,Ag,AVEMOE,231.0045929,271.01226806640625
toluene,Ag,CESYEF,390.6390921,422.1652526855469
toluene,Ag,DIMQOH,338.4080086,344.0780944824219
toluene,Ag,FAVZEJ,767.8609589,859.8688354492188
toluene,Ag,IJENER,159.2209737,169.97413635253906
toluene,Ag,IPIFAP,297.478672,368.7710266113281
toluene,Ag,LEZLAF,171.9032049,167.3354949951172
toluene,Ag,OFUSEP,221.8401669,233.853759765625
toluene,Ag,OSIWUJ,220.207171,246.6395721435547
toluene,Ag,QUGBUQ,144.6379663,157.2930908203125
toluene,Ag,RUBHOM,155.1568545,164.47315979003906
toluene,Ag,TOZHAR,475.4587195,486.972412109375
toluene,Ag,UKULOB01,197.1197284,215.9428253173828
toluene,Ag,WOLMUG,79.20284802,88.59684753417969
toluene,Ag,YEGTAG,386.4436589,419.6526794433594
toluene,Ag,YEGYIU,311.8953219,345.7739562988281
toluene,Sm,AFOTUL,351.8234158,356.73602294921875
toluene,Sm,BETFAJ,195.0375114,194.04937744140625
toluene,Sm,COYTOA,187.3264526,193.24710083007812
toluene,Sm,DOQHOH,257.8571563,260.265869140625
toluene,Sm,ELIKIU,399.6416603,394.21868896484375
toluene,Sm,FATKIW,123.9164125,126.66310119628906
toluene,Sm,IKETEY,498.437617,478.6807861328125
toluene,Sm,KABXES,193.5955089,191.36215209960938
toluene,Sm,LABPUB,87.20228923,82.5930404663086
toluene,Sm,LAGQER,453.0961796,448.6414489746094
toluene,Sm,LEPLEZ,296.0608911,286.16864013671875
toluene,Sm,MURNIX,220.58896,215.6907196044922
toluene,Sm,OPAPEB,253.4347447,250.57843017578125
toluene,Sm,PECMOB,240.1107458,242.70504760742188
toluene,Sm,TEJGIA01,123.9164125,127.37032318115234
toluene,Sm,XIPTAS,249.903785,247.42079162597656
toluene,Dy,CAKYAQ,241.1034077,243.4699249267578
toluene,Dy,CUKYAJ,226.4881662,228.0457763671875
toluene,Dy,ELILAN,389.1396592,395.22088623046875
toluene,Dy,IKEVAW,482.2068155,469.055419921875
toluene,Dy,ISENUQ,89.21705118,113.62023162841797
toluene,Dy,ISUXAW,121.2009603,127.30769348144531
toluene,Dy,NIGFUF,243.0498886,241.78245544433594
toluene,Dy,OPAPUR,249.1703409,245.4859161376953
toluene,Dy,SUNJIV,439.6441592,438.5974426269531
toluene,Dy,TEBFUD,217.1895265,217.3227081298828
toluene,Dy,XEJJOM,436.4150649,437.858154296875
toluene,Dy,XIPTIA,241.7444429,240.52406311035156
toluene,Dy,XUMVAD,188.6625579,189.19305419921875
toluene,Dy,YURKAY,145.8628509,154.20025634765625
toluene,Dy,ZETPUL,62.53670684,75.17205810546875
toluene,Dy,ZEZPUR,341.7212057,341.722412109375
toluene,Y,GAJZUO,290.6857156,259.5759582519531
toluene,Y,LAGMUD,536.2035614,460.9554138183594
toluene,Y,LAGNAK,536.2035614,503.17510986328125
toluene,Y,LAGNEO,536.2035614,489.13897705078125
toluene,Y,LAGNIS,536.2035614,509.7004699707031
toluene,Y,LAGNOY,268.1017806,243.3461151123047
toluene,Y,LAGNUE,268.1017806,256.18780517578125
toluene,Y,LAGPAM,536.2035614,485.32122802734375
toluene,Y,LAGVOG,302.4442298,271.8168029785156
toluene,Y,LAVSUY,303.4740355,259.925048828125
toluene,Y,NADZID,303.4740355,267.4140930175781
toluene,Y,SAQQOR_h,199.9790889,195.84817504882812
toluene,Y,SERJUV,133.4605995,124.89591979980469
toluene,Y,SEYDUW,287.0213267,251.84280395507812
toluene,Y,UXABUR,283.3365651,247.9385528564453
toluene,Y,ZERNAN,188.0467802,179.56895446777344
toluene,Sr,EBANAY,389.4176367,386.88116455078125
toluene,Sr,EKOPIE,121.4177664,116.9395980834961
toluene,Sr,GAXWAF,186.6682739,174.3551483154297
toluene,Sr,KIYMAI,297.6738473,297.4189758300781
toluene,Sr,LIDZOP,229.2347932,232.06410217285156
toluene,Sr,NOCLOH01,475.8247716,505.51019287109375
toluene,Sr,NOCLOH02,475.8247716,505.3641357421875
toluene,Sr,NOCLOH,475.8247716,505.377197265625
toluene,Sr,NOCLUN,356.8685788,343.95941162109375
toluene,Sr,SIQQEO,551.2361995,488.8448181152344
toluene,Sr,SOTTUR,499.4318997,477.3633117675781
toluene,Sr,WARWOC,308.9609523,299.3353271484375
toluene,Ba,CEBDOD,221.2721365,235.03700256347656
toluene,Ba,EXIBUI,402.4989012,420.3963928222656
toluene,Ba,KIYMEM,255.5759835,256.085205078125
toluene,Ba,MAZTIR,220.8191739,216.195556640625
toluene,Ba,MINCER,532.4420426,634.8198852539062
toluene,Ba,NALWOO,156.5781929,169.33203125
toluene,Ba,OMEWUZ,263.8519482,259.4076232910156
toluene,Ba,QAHMUJ,197.9490949,213.37852478027344
toluene,Ba,QEKLUP,310.1374259,458.9661560058594
toluene,Ba,WEXNIW,512.8707253,578.7869262695312
toluene,Ba,ZEDRAD,332.1946308,450.6312255859375
toluene,Ho,CAKYEU,239.5406371,239.10498046875
toluene,Ho,COWMIL,237.5996722,237.4008026123047
toluene,Ho,COYVES,109.2690747,113.71507263183594
toluene,Ho,MOCJAQ,621.869564,623.4526977539062
toluene,Ho,NIGGAM,241.461866,241.2169952392578
toluene,Ho,SUNJOB,437.0445401,442.09051513671875
toluene,Ho,UCEXIK,145.6815134,154.43344116210938
toluene,Ho,WEWGAH,433.8533818,426.25634765625
toluene,Ho,XIPTEW,240.1733783,243.1177215576172
toluene,Ho,ZERNOB,164.9124636,176.6613006591797
toluene,Li,CUCSAU,248.2760471,341.892578125
toluene,Li,MOTMAK,504.7053916,528.0609130859375
toluene,Li,OKINIG,286.5690672,298.1279296875
toluene,Li,UXUYUI,444.5897165,469.7279052734375
toluene,Li,XUNGOD,696.1717811,765.4406127929688
toluene,Li,XUNGUJ,696.1717811,787.2979125976562
toluene,Li,XUNHAQ,696.1717811,787.46826171875
toluene,Li,ZEKRIS,470.3559263,511.1273193359375
toluene,Li,ZIHTEP,418.692899,446.15673828125
toluene,V,GUXQAR,930.8959799,863.6351318359375
toluene,V,IXODUV,388.8025198,404.0520935058594
toluene,V,IXOFAD,388.8025198,395.9383544921875
toluene,V,IXOFEH,388.8025198,404.0520935058594
toluene,V,IXOFUX01,388.8025198,404.1164855957031
toluene,V,IXOFUX,388.8025198,404.1164855957031
toluene,V,OCAQOY,195.7832475,203.53233337402344
toluene,V,PEPLEC,388.8025198,404.0520935058594
toluene,V,PEPLIG,388.8025198,394.817626953125
toluene,Yb,DACYAI,266.3738992,280.4411926269531
toluene,Yb,ECUCUB,425.5229112,442.6341857910156
toluene,Yb,LAGRIW,428.592265,430.6165466308594
toluene,Yb,LAVTUZ,236.3123248,236.59959411621094
toluene,Yb,MITGIF,249.4573072,256.95074462890625
toluene,Yb,MIVPIR,235.0780687,236.3842315673828
toluene,Yb,SADLIU,236.3123248,236.7550048828125
toluene,Yb,SUNJER,428.592265,444.9746398925781
toluene,Tm,AFUPEX,238.8909731,240.8448028564453
toluene,Tm,COWMUX,235.1099407,234.22958374023438
toluene,Tm,IJASES01,432.8290528,435.6898498535156
toluene,Tm,IJASES,432.8290528,435.81219482421875
toluene,Tm,KINDOC,359.8685364,360.947509765625
toluene,Tm,KINFAQ,216.4145264,228.3981475830078
toluene,Tm,MIVPEN,237.6297053,238.67613220214844
toluene,Na,BEGBOG,448.90204,416.0605773925781
toluene,Na,HOYTUL,223.0971027,215.7337188720703
toluene,Na,KIYMIQ,230.2106621,210.08734130859375
toluene,Na,LOJFUL,189.6884695,192.68153381347656
toluene,Na,LULXEW,207.4029909,185.81069946289062
toluene,Na,RIYDEJ,300.2594381,276.7947082519531
toluene,Na,WERKUZ,212.343062,182.6874237060547
toluene,Mo,CELZEA,395.7772423,361.345703125
toluene,Mo,EMIYEF,286.3158869,316.6719665527344
toluene,Mo,FAZZEM,155.451984,172.55419921875
toluene,Mo,HUSQES,181.7763178,195.6207733154297
toluene,Mo,SETWOF,214.6692735,257.60675048828125
toluene,Mo,SETWUL,210.8918374,254.05349731445312
toluene,U,CEZNAY,186.907565,220.55482482910156
toluene,U,DUXKUD,268.7735868,291.2257995605469
toluene,U,OVIWIA,213.6374752,231.10548400878906
toluene,U,PETWOC,141.4248703,202.3906707763672
toluene,U,YAYLER,96.90821719,175.5188446044922
toluene,K,AMOZAE,203.9062458,217.2679443359375
toluene,K,BUDDIO,504.1050008,479.7208557128906
toluene,K,FAFDEX,726.9936885,659.8145751953125
toluene,K,QISKIN,344.8161557,337.7737731933594
toluene,Ru,GIQXOU,232.317775,220.08432006835938
toluene,Ru,GIQYAH,233.0194268,219.7387237548828
toluene,Ru,GIQYEL,241.1591148,223.65724182128906
toluene,Ru,GIQYOV,229.4461754,221.7818145751953
toluene,Al,GUXLIU,646.3962939,537.2896118164062
toluene,Al,HAFQUC,431.683888,384.55615234375
toluene,Al,SABVOH01,431.683888,386.8211364746094
toluene,Al,WOWGEU,646.3962939,466.5155944824219
toluene,Lu,MARXEK,235.1192546,234.2425079345703
toluene,Lu,MIVNUB,233.8973976,241.11624145507812
toluene,Lu,MURTUO,257.3520193,263.78924560546875
toluene,Lu,SEYFEI,225.121403,226.49972534179688
toluene,Ga,COMDOY,716.2587767,640.9912109375
toluene,Ga,HAKWUM,988.7208828,763.36376953125
toluene,Ga,SICDAL,716.2587767,643.7507934570312
toluene,Cr,SETSIV,237.1796119,227.75592041015625
toluene,Cr,YEZKIZ,236.1917189,236.1334686279297
